Customer Name,Purchase Date,Product Category,Sale,Quantity,Discount Applied,Purchase Year,Purchase Month,Purchase Day,Price,Profit,Year-Month
Allison Hill,04-02-2025,Electronics,372.07,1,TRUE,2025,2,1,241.07,131,2025-02
Megan Mcclain,14-01-2025,Books,369.55,3,TRUE,2025,1,1,103.55,58.9,2025-01
Allen Robinson,20-03-2025,Groceries,19.75,1,TRUE,2025,3,3,16.75,3,2025-03
Cristian Santos,27-03-2025,Books,303,9,TRUE,2025,3,3,83,-444,2025-03
Kevin Pacheco,02-01-2025,Groceries,227.36,4,FALSE,2025,1,3,78.36,-86.08,2025-01
Melissa Peterson,25-01-2025,Electronics,350.58,3,FALSE,2025,1,5,45.58,213.84,2025-01
Gabrielle Davis,16-01-2025,Clothing,111.58,3,FALSE,2025,1,3,55.58,-55.16,2025-01
Lindsey Roman,24-04-2025,Electronics,193.06,2,FALSE,2025,4,3,175.06,-157.06,2025-04
Valerie Gray,28-03-2025,Clothing,135.94,10,TRUE,2025,3,4,121.94,-1083.46,2025-03
Lisa Hensley,01-04-2025,Groceries,66.79,9,FALSE,2025,4,1,20.79,-120.32,2025-04
Amber Perez,15-02-2025,Electronics,150.12,9,FALSE,2025,2,5,17.12,-3.96,2025-02
David Garcia,13-02-2025,Books,27.68,2,TRUE,2025,2,3,24.68,-21.68,2025-02
Holly Wood,02-02-2025,Clothing,428.38,2,TRUE,2025,2,6,361.38,-294.38,2025-02
Timothy Wong,06-04-2025,Groceries,229.44,5,FALSE,2025,4,6,71.44,-127.76,2025-04
Nicholas Martin,01-03-2025,Books,180.86,6,FALSE,2025,3,5,47.86,-106.3,2025-03
Margaret Hawkins DDS,12-05-2025,Electronics,319.31,10,TRUE,2025,5,0,269.31,-2373.79,2025-05
Crystal Johnson,19-02-2025,Books,192.83,8,TRUE,2025,2,2,146.83,-981.81,2025-02
Daniel Hahn,17-05-2025,Clothing,118.38,1,TRUE,2025,5,5,15.38,103,2025-05
Matthew Foster,23-05-2025,Clothing,137.53,7,TRUE,2025,5,4,34.53,-104.18,2025-05
Derek Wright,29-03-2025,Clothing,329.44,4,FALSE,2025,3,5,50.44,127.68,2025-03
Kevin Hurst,04-03-2025,Groceries,136.12,3,TRUE,2025,3,1,17.12,84.76,2025-03
Zachary Hicks,15-01-2025,Clothing,217.07,10,FALSE,2025,1,2,15.07,66.37,2025-01
Brian Burton,04-05-2025,Clothing,498.68,4,TRUE,2025,5,6,90.68,135.96,2025-05
Arthur James,05-06-2025,Groceries,379.11,2,TRUE,2025,6,3,226.11,-73.11,2025-06
Tricia Valencia,02-01-2025,Books,397.08,3,FALSE,2025,1,3,149.08,-50.16,2025-01
Melanie Herrera,11-02-2025,Electronics,193.9,7,FALSE,2025,2,1,51.9,-169.4,2025-02
Ashley Graham,12-03-2025,Clothing,431.09,9,TRUE,2025,3,2,381.09,-2998.72,2025-03
Sherri Baker,20-03-2025,Electronics,376.68,9,FALSE,2025,3,3,99.68,-520.44,2025-03
Thomas Harrell,16-02-2025,Electronics,220.21,5,FALSE,2025,2,6,54.21,-50.84,2025-02
Lisa Hernandez,30-04-2025,Electronics,486.08,5,TRUE,2025,4,2,431.08,-1669.32,2025-04
Paula Moreno,01-01-2025,Electronics,421.63,5,TRUE,2025,1,2,286.63,-1011.52,2025-01
Alec Hickman,18-05-2025,Books,382.44,6,TRUE,2025,5,6,131.44,-406.2,2025-05
Elizabeth Brown,18-05-2025,Clothing,14.64,8,FALSE,2025,5,6,13.64,-94.48,2025-05
Angelica Tucker,11-01-2025,Clothing,33.67,4,TRUE,2025,1,5,30.67,-89.01,2025-01
Pamela Anderson,16-03-2025,Electronics,408.93,8,TRUE,2025,3,6,85.93,-278.51,2025-03
Deborah Brennan,08-03-2025,Books,473.69,8,TRUE,2025,3,5,436.69,-3019.83,2025-03
Joshua Blair,01-02-2025,Clothing,436.85,9,FALSE,2025,2,5,251.85,-1829.8,2025-02
Zachary Santos,10-03-2025,Books,378.86,9,TRUE,2025,3,0,95.86,-483.88,2025-03
Barbara Walker,22-02-2025,Clothing,497.6,7,FALSE,2025,2,5,89.6,-129.6,2025-02
Crystal Robinson,12-01-2025,Groceries,228.49,9,TRUE,2025,1,6,216.49,-1719.92,2025-01
Crystal Whitehead,15-05-2025,Books,172.35,2,TRUE,2025,5,3,42.35,87.65,2025-05
David Caldwell,03-02-2025,Books,40.14,1,TRUE,2025,2,0,36.14,4,2025-02
Timothy Duncan,15-03-2025,Books,453.18,2,FALSE,2025,3,5,181.18,90.82,2025-03
Rhonda Lee,16-01-2025,Electronics,122.81,9,FALSE,2025,1,3,52.81,-352.48,2025-01
Jeff Owens,24-04-2025,Books,70.49,9,FALSE,2025,4,3,24.49,-149.92,2025-04
Victoria Garcia,04-03-2025,Books,404.71,8,TRUE,2025,3,1,19.71,247.03,2025-03
Scott Wright,30-01-2025,Electronics,331.2,2,FALSE,2025,1,3,152.2,26.8,2025-01
Javier Ramirez,09-02-2025,Groceries,236.18,7,TRUE,2025,2,6,119.18,-598.08,2025-02
Jessica Callahan,27-03-2025,Electronics,204.3,1,FALSE,2025,3,3,104.3,100,2025-03
Zachary Huff,01-06-2025,Electronics,99.84,4,FALSE,2025,6,6,52.84,-111.52,2025-06
Sarah Martin,17-03-2025,Books,95.83,7,FALSE,2025,3,0,48.83,-245.98,2025-03
James Brown,01-03-2025,Books,224.35,2,TRUE,2025,3,5,172.35,-120.35,2025-03
Mrs. Rachel Gibson,08-03-2025,Electronics,418.83,9,TRUE,2025,3,5,390.83,-3098.64,2025-03
Whitney Peters,23-04-2025,Books,206.17,3,FALSE,2025,4,2,19.17,148.66,2025-04
Edward Novak,01-04-2025,Books,451.71,7,TRUE,2025,4,1,136.71,-505.26,2025-04
Nicole Brown,02-04-2025,Groceries,492.73,1,FALSE,2025,4,2,99.73,393,2025-04
Sarah Moore,31-05-2025,Groceries,214.39,5,FALSE,2025,5,5,127.39,-422.56,2025-05
Cody Larson,16-04-2025,Books,151.87,4,TRUE,2025,4,2,75.87,-151.61,2025-04
Bryan Zamora,08-02-2025,Electronics,33.3,6,FALSE,2025,2,5,32.3,-160.5,2025-02
Lisa Barnes,02-04-2025,Books,480.59,1,TRUE,2025,4,2,148.59,332,2025-04
Taylor Harris,22-04-2025,Books,299.54,2,TRUE,2025,4,1,47.54,204.46,2025-04
James Powers,16-02-2025,Groceries,471.09,2,TRUE,2025,2,6,165.09,140.91,2025-02
Paul Jones,13-03-2025,Electronics,45.58,10,FALSE,2025,3,3,43.58,-390.22,2025-03
Dr. Angel Lewis MD,26-05-2025,Clothing,336.51,4,FALSE,2025,5,0,33.51,202.47,2025-05
Sherry Wood,25-01-2025,Books,200.91,5,FALSE,2025,1,5,177.91,-688.64,2025-01
Michele Carr,04-06-2025,Groceries,464.86,6,TRUE,2025,6,2,118.86,-248.3,2025-06
Aimee Montoya,16-02-2025,Electronics,312.47,8,TRUE,2025,2,6,153.47,-915.29,2025-02
Teresa Taylor,19-01-2025,Electronics,110.51,9,FALSE,2025,1,6,21.51,-83.08,2025-01
Juan Nelson,05-04-2025,Books,441.03,6,TRUE,2025,4,5,418.03,-2067.15,2025-04
Christina Walters,11-02-2025,Clothing,83.08,5,FALSE,2025,2,1,37.08,-102.32,2025-02
Taylor Mathis Jr.,08-03-2025,Electronics,153.19,9,TRUE,2025,3,5,19.19,-19.52,2025-03
Aaron Wise,10-04-2025,Books,62.14,5,TRUE,2025,4,3,47.14,-173.56,2025-04
Patrick Arnold,08-03-2025,Books,144.47,5,TRUE,2025,3,5,118.47,-447.88,2025-03
Benjamin Ware,22-05-2025,Clothing,345.31,4,FALSE,2025,5,3,77.31,36.07,2025-05
Sandra Aguilar,24-01-2025,Groceries,453.14,5,TRUE,2025,1,4,404.14,-1567.56,2025-01
Eric Nolan,05-05-2025,Electronics,415.53,7,TRUE,2025,5,0,263.53,-1429.18,2025-05
Stephanie Clark,08-02-2025,Electronics,386.7,6,FALSE,2025,2,5,247.7,-1099.5,2025-02
Richard Henson,05-03-2025,Books,278.08,8,FALSE,2025,3,2,201.08,-1330.56,2025-03
Brittany Spears,16-05-2025,Electronics,42.25,2,TRUE,2025,5,4,39.25,-36.25,2025-05
Rita Keith,04-01-2025,Electronics,293.34,6,TRUE,2025,1,5,143.34,-566.7,2025-01
Evelyn Galvan,06-05-2025,Groceries,25.71,3,FALSE,2025,5,1,22.71,-42.42,2025-05
Rita Adams,03-05-2025,Electronics,108.99,6,TRUE,2025,5,5,97.99,-478.95,2025-05
Shane Garrison,04-02-2025,Electronics,391.16,6,FALSE,2025,2,1,324.16,-1553.8,2025-02
Julia Torres,05-05-2025,Books,432.98,4,TRUE,2025,5,0,113.98,-22.94,2025-05
Alexander Lee,21-02-2025,Groceries,93.78,1,FALSE,2025,2,4,61.78,32,2025-02
Tracy Ramirez,11-04-2025,Groceries,137.07,4,TRUE,2025,4,4,11.07,92.79,2025-04
William Herrera,27-05-2025,Groceries,430,1,TRUE,2025,5,1,118,312,2025-05
Wesley White,31-05-2025,Books,178.08,8,TRUE,2025,5,5,130.08,-862.56,2025-05
Brian Hamilton,24-04-2025,Books,331.72,1,FALSE,2025,4,3,93.72,238,2025-04
Larry Dixon,02-03-2025,Clothing,432.85,5,FALSE,2025,3,6,233.85,-736.4,2025-03
Dawn Fletcher,01-01-2025,Clothing,202.84,9,FALSE,2025,1,2,148.84,-1136.72,2025-01
Kimberly Ball,26-04-2025,Electronics,439.13,2,FALSE,2025,4,5,296.13,-153.13,2025-04
Helen Jones,14-04-2025,Books,481.45,10,FALSE,2025,4,0,71.45,-233.05,2025-04
Erik Charles,23-04-2025,Electronics,300.3,2,FALSE,2025,4,2,170.3,-40.3,2025-04
Eric Ortiz,04-03-2025,Clothing,305.07,7,TRUE,2025,3,1,47.07,-24.42,2025-03
Cameron Fisher,27-05-2025,Groceries,99.09,10,TRUE,2025,5,1,66.09,-561.81,2025-05
Stephanie Gilbert,16-02-2025,Groceries,262.36,1,TRUE,2025,2,6,48.36,214,2025-02
April Mitchell,09-03-2025,Clothing,39.64,7,FALSE,2025,3,6,38.64,-230.84,2025-03
Mary Marshall,11-03-2025,Clothing,361.28,2,FALSE,2025,3,1,176.28,8.72,2025-03
John Santana,05-05-2025,Clothing,166.46,7,FALSE,2025,5,0,135.46,-781.76,2025-05
Bradley Robertson,09-04-2025,Books,213.12,4,FALSE,2025,4,2,166.12,-451.36,2025-04
Robert Potter,16-04-2025,Books,286.71,10,FALSE,2025,4,2,198.71,-1700.39,2025-04
Curtis Johnson,08-02-2025,Electronics,147.02,5,FALSE,2025,2,5,11.02,91.92,2025-02
Samuel Jones,06-03-2025,Clothing,223.68,8,TRUE,2025,3,3,21.68,50.24,2025-03
Cheyenne Horton,19-03-2025,Groceries,331.13,3,FALSE,2025,3,2,110.13,0.74,2025-03
Matthew Smith,28-04-2025,Clothing,410.12,2,TRUE,2025,4,0,204.12,1.88,2025-04
Ashley Coleman,28-01-2025,Clothing,404.25,4,TRUE,2025,1,1,273.25,-688.75,2025-01
Kelly Williams,08-02-2025,Electronics,126.2,1,FALSE,2025,2,5,32.2,94,2025-02
Joyce Solis,15-04-2025,Electronics,210.15,8,TRUE,2025,4,1,88.15,-495.05,2025-04
Linda Dodson DVM,06-04-2025,Groceries,202.83,8,TRUE,2025,4,6,29.83,-35.81,2025-04
Kathy Rivas,27-03-2025,Electronics,390.32,2,TRUE,2025,3,3,295.32,-200.32,2025-03
Natasha Wells,10-02-2025,Books,234.95,9,TRUE,2025,2,0,171.95,-1312.6,2025-02
Mark Cannon,23-03-2025,Electronics,71,8,FALSE,2025,3,6,25,-129,2025-03
Denise Jones,14-02-2025,Clothing,308.26,8,FALSE,2025,2,4,122.26,-669.82,2025-02
Francisco Fernandez,22-01-2025,Groceries,373.11,3,FALSE,2025,1,2,336.11,-635.22,2025-01
Michael Mccarthy,11-01-2025,Groceries,377.13,5,FALSE,2025,1,5,39.13,181.48,2025-01
Joshua Perry,02-02-2025,Groceries,140.93,4,TRUE,2025,2,6,97.93,-250.79,2025-02
Taylor Silva,19-04-2025,Clothing,139.5,4,FALSE,2025,4,5,33.5,5.5,2025-04
Pamela James,01-01-2025,Electronics,79.66,3,FALSE,2025,1,2,17.66,26.68,2025-01
Paul Castaneda,29-05-2025,Books,36.79,4,FALSE,2025,5,3,35.79,-106.37,2025-05
Paul Payne,05-04-2025,Clothing,235.63,9,TRUE,2025,4,5,212.63,-1678.04,2025-04
Daniel Graham,05-01-2025,Books,197.79,7,TRUE,2025,1,6,145.79,-822.74,2025-01
Michael Powell,26-01-2025,Groceries,7.92,8,FALSE,2025,1,6,3.92,-23.44,2025-01
Cameron Dean,05-01-2025,Clothing,427.46,7,FALSE,2025,1,6,213.46,-1066.76,2025-01
Justin Johnson,11-04-2025,Books,113.61,8,FALSE,2025,4,4,43.61,-235.27,2025-04
Joel Williams,01-03-2025,Groceries,197.48,1,FALSE,2025,3,5,110.48,87,2025-03
Gabriel Juarez,01-03-2025,Books,460.17,8,TRUE,2025,3,5,207.17,-1197.19,2025-03
Sandra King,13-01-2025,Groceries,284.37,10,TRUE,2025,1,0,155.37,-1269.33,2025-01
Joshua Cooke,24-02-2025,Electronics,72.17,7,FALSE,2025,2,0,38.17,-195.02,2025-02
Rachael Pearson,28-04-2025,Books,133.78,1,FALSE,2025,4,0,36.78,97,2025-04
Christina Smith,24-01-2025,Books,166.79,8,FALSE,2025,1,4,57.79,-295.53,2025-01
Michael Elliott,04-02-2025,Clothing,129.87,7,TRUE,2025,2,1,59.87,-289.22,2025-02
Pamela Jackson,05-04-2025,Groceries,375.77,1,TRUE,2025,4,5,231.77,144,2025-04
Ashley Weiss,31-05-2025,Clothing,326.82,4,TRUE,2025,5,5,242.82,-644.46,2025-05
Alexander Collins,16-04-2025,Electronics,103.68,4,TRUE,2025,4,2,26.68,-3.04,2025-04
Jennifer Espinoza,12-01-2025,Books,67.48,4,TRUE,2025,1,6,30.48,-54.44,2025-01
Lori Garcia,01-05-2025,Books,351.24,8,FALSE,2025,5,3,335.24,-2330.68,2025-05
Lindsay Martinez,03-06-2025,Books,305.59,10,TRUE,2025,6,1,148.59,-1180.31,2025-06
Hannah Patterson,27-02-2025,Books,58.51,5,TRUE,2025,2,3,20.51,-44.04,2025-02
Gloria Atkinson,09-05-2025,Clothing,340.29,10,FALSE,2025,5,4,135.29,-1012.61,2025-05
Tyler Reid,10-05-2025,Groceries,42.62,4,TRUE,2025,5,5,39.62,-115.86,2025-05
Jessica Gross,31-05-2025,Electronics,425.9,5,TRUE,2025,5,5,144.9,-298.6,2025-05
Robert Medina,17-03-2025,Electronics,268.71,6,FALSE,2025,3,0,84.71,-239.55,2025-03
Nicholas Adams,13-05-2025,Electronics,325.53,9,TRUE,2025,5,1,294.53,-2325.24,2025-05
Angelica Keith,08-02-2025,Groceries,57.24,8,FALSE,2025,2,5,41.24,-272.68,2025-02
Leonard Gray,05-01-2025,Groceries,220.57,3,FALSE,2025,1,6,74.57,-3.14,2025-01
Catherine Lewis,05-05-2025,Groceries,220.61,8,FALSE,2025,5,0,47.61,-160.27,2025-05
Spencer Haynes,13-02-2025,Clothing,416.21,4,TRUE,2025,2,3,225.21,-484.63,2025-02
Travis Miller,23-04-2025,Clothing,125.71,8,FALSE,2025,4,2,60.71,-359.97,2025-04
Peter Vaughn DDS,18-03-2025,Groceries,19.21,6,FALSE,2025,3,1,16.21,-78.05,2025-03
Anna Walker,19-04-2025,Books,110,8,FALSE,2025,4,5,58,-354,2025-04
Kevin Kennedy,24-03-2025,Clothing,440.76,5,FALSE,2025,3,0,292.76,-1023.04,2025-03
Patrick Rivera,20-04-2025,Electronics,474.29,9,TRUE,2025,4,6,328.29,-2480.32,2025-04
David Martinez,31-01-2025,Books,246.85,7,TRUE,2025,1,4,31.85,23.9,2025-01
Joshua Gill,29-01-2025,Groceries,226.85,8,TRUE,2025,1,2,191.85,-1307.95,2025-01
John Hardy,02-06-2025,Electronics,114.69,5,TRUE,2025,6,0,72.69,-248.76,2025-06
Diane Garcia,31-01-2025,Clothing,187.67,10,FALSE,2025,1,4,10.67,80.97,2025-01
Christopher Smith,25-03-2025,Groceries,168.74,9,FALSE,2025,3,1,9.74,81.08,2025-03
William Tran,19-04-2025,Clothing,129.44,5,TRUE,2025,4,5,69.44,-217.76,2025-04
Sean Henry,17-05-2025,Books,64.18,6,TRUE,2025,5,5,25.18,-86.9,2025-05
Julie Alexander,29-01-2025,Books,370.61,4,FALSE,2025,1,2,15.61,308.17,2025-01
Todd Woods,09-05-2025,Clothing,417.15,2,FALSE,2025,5,4,24.15,368.85,2025-05
Benjamin Soto,09-01-2025,Books,93.82,6,TRUE,2025,1,3,53.82,-229.1,2025-01
Justin Torres,05-06-2025,Books,27.53,5,TRUE,2025,6,3,25.53,-100.12,2025-06
Phillip Obrien,04-05-2025,Clothing,320.75,3,FALSE,2025,5,6,44.75,186.5,2025-05
Joseph Hayes,11-03-2025,Electronics,289.16,1,FALSE,2025,3,1,107.16,182,2025-03
Wanda Torres,07-04-2025,Groceries,173.65,8,TRUE,2025,4,0,117.65,-767.55,2025-04
Natalie Meza,02-02-2025,Clothing,61.47,8,TRUE,2025,2,6,31.47,-190.29,2025-02
Matthew Moore,28-01-2025,Groceries,41.67,8,TRUE,2025,1,1,40.67,-283.69,2025-01
Aaron Hayes,03-04-2025,Books,406.52,3,FALSE,2025,4,3,52.52,248.96,2025-04
David Mann,20-04-2025,Electronics,63.63,4,FALSE,2025,4,6,53.63,-150.89,2025-04
Michael Bradshaw,04-05-2025,Books,193.29,9,FALSE,2025,5,6,166.29,-1303.32,2025-05
Mary Peck,08-03-2025,Clothing,495.07,10,FALSE,2025,3,5,479.07,-4295.63,2025-03
Maria Kerr,10-05-2025,Electronics,480.25,10,TRUE,2025,5,5,260.25,-2122.25,2025-05
Christopher Parker,27-04-2025,Books,136,4,TRUE,2025,4,6,114,-320,2025-04
Donna Martinez,18-04-2025,Books,91.04,4,TRUE,2025,4,4,14.04,34.88,2025-04
Terri Mason,19-03-2025,Books,207.22,1,FALSE,2025,3,2,171.22,36,2025-03
Andrew Reynolds,20-02-2025,Clothing,119.58,1,FALSE,2025,2,3,22.58,97,2025-02
Brandon Hayden,11-05-2025,Groceries,345.26,2,FALSE,2025,5,6,107.26,130.74,2025-05
Tiffany Key,15-04-2025,Books,61.81,7,TRUE,2025,4,1,29.81,-146.86,2025-04
Andrew Avila,15-03-2025,Books,414.18,5,TRUE,2025,3,5,292.18,-1046.72,2025-03
Sydney White,02-04-2025,Electronics,397.35,3,FALSE,2025,4,2,16.35,348.3,2025-04
Katherine Davis,24-02-2025,Groceries,237.01,2,FALSE,2025,2,0,155.01,-73.01,2025-02
Michael Hodge,21-02-2025,Groceries,252.73,5,FALSE,2025,2,4,178.73,-640.92,2025-02
Donna Landry,08-05-2025,Groceries,301.03,2,FALSE,2025,5,3,193.03,-85.03,2025-05
Jordan Edwards,20-02-2025,Clothing,128.93,10,TRUE,2025,2,3,114.93,-1020.37,2025-02
Jennifer Robertson,04-06-2025,Books,295.63,10,TRUE,2025,6,2,273.63,-2440.67,2025-06
Kimberly Gutierrez,30-01-2025,Clothing,24.91,10,TRUE,2025,1,3,23.91,-214.19,2025-01
Peter Garrett,29-04-2025,Groceries,327.5,9,FALSE,2025,4,1,288.5,-2269,2025-04
Joshua Pennington,10-03-2025,Books,220.76,10,FALSE,2025,3,0,58.76,-366.84,2025-03
Barbara Dudley,06-04-2025,Electronics,177.24,8,FALSE,2025,4,6,112.24,-720.68,2025-04
Christopher Pierce,28-03-2025,Clothing,429.58,2,FALSE,2025,3,4,113.58,202.42,2025-03
Willie Durham,14-03-2025,Groceries,147.67,8,FALSE,2025,3,4,106.67,-705.69,2025-03
Ronnie Jimenez,22-04-2025,Electronics,48.59,8,FALSE,2025,4,1,47.59,-332.13,2025-04
Denise Davenport,03-06-2025,Clothing,485.24,2,FALSE,2025,6,1,431.24,-377.24,2025-06
Juan Reyes,24-05-2025,Electronics,233.68,9,TRUE,2025,5,5,69.68,-393.44,2025-05
Sherry Shields,13-02-2025,Books,184.08,9,FALSE,2025,2,3,141.08,-1085.64,2025-02
Jennifer Villa,21-03-2025,Groceries,105.76,1,TRUE,2025,3,4,47.76,58,2025-03
Diane Evans,02-04-2025,Clothing,441.02,8,FALSE,2025,4,2,95.02,-319.14,2025-04
Mrs. Brittany Ryan MD,28-03-2025,Electronics,486.71,1,TRUE,2025,3,4,85.71,401,2025-03
Jordan Morris,30-01-2025,Books,277.67,5,FALSE,2025,1,3,173.67,-590.68,2025-01
Laura Hall,02-05-2025,Electronics,496.17,4,TRUE,2025,5,4,28.17,383.49,2025-05
Patrick Thornton,07-05-2025,Groceries,325.62,2,TRUE,2025,5,2,259.62,-193.62,2025-05
Matthew Hoover,03-06-2025,Groceries,256.89,5,FALSE,2025,6,1,68.89,-87.56,2025-06
Andrew Shaw MD,16-05-2025,Groceries,490.22,8,TRUE,2025,5,4,386.22,-2599.54,2025-05
Jessica Fox,13-03-2025,Groceries,76.6,9,TRUE,2025,3,3,50.6,-378.8,2025-03
Jennifer Pena,25-01-2025,Books,141.74,2,FALSE,2025,1,5,94.74,-47.74,2025-01
Wayne Morgan,19-04-2025,Clothing,137.25,9,TRUE,2025,4,5,68.25,-477,2025-04
Sarah Phelps,15-05-2025,Clothing,419.55,5,FALSE,2025,5,3,71.55,61.8,2025-05
Eugene Higgins,29-04-2025,Books,271.6,8,FALSE,2025,4,1,22.6,90.8,2025-04
Amanda Jones,09-04-2025,Clothing,382.62,9,FALSE,2025,4,2,334.62,-2628.96,2025-04
Yolanda Francis,09-03-2025,Groceries,435.45,6,TRUE,2025,3,6,98.45,-155.25,2025-03
Mark Brennan,11-03-2025,Groceries,428.73,4,FALSE,2025,3,1,186.73,-318.19,2025-03
Stephanie Williams,05-05-2025,Electronics,373.63,6,FALSE,2025,5,0,222.63,-962.15,2025-05
James Thomas,24-03-2025,Groceries,250.19,3,TRUE,2025,3,0,44.19,117.62,2025-03
Rebecca Jackson,13-01-2025,Books,482.85,9,FALSE,2025,1,0,254.85,-1810.8,2025-01
Lisa Allen,23-05-2025,Electronics,54.36,8,FALSE,2025,5,4,24.36,-140.52,2025-05
Joel King,09-02-2025,Electronics,207.94,3,TRUE,2025,2,6,132.94,-190.88,2025-02
Robert Santana,16-04-2025,Electronics,391.86,8,FALSE,2025,4,2,299.86,-2007.02,2025-04
Jeremy Reed,02-04-2025,Clothing,347.89,10,TRUE,2025,4,2,300.89,-2661.01,2025-04
Jessica Wright,12-05-2025,Clothing,193.1,9,FALSE,2025,5,0,113.1,-824.8,2025-05
James Webb,07-02-2025,Groceries,22.77,9,TRUE,2025,2,4,21.77,-173.16,2025-02
Laura Haney,16-02-2025,Books,498.73,5,TRUE,2025,2,6,293.73,-969.92,2025-02
Mary Hill,30-03-2025,Groceries,381.38,2,TRUE,2025,3,6,173.38,34.62,2025-03
Natasha Williams,05-04-2025,Groceries,348.53,3,TRUE,2025,4,5,168.53,-157.06,2025-04
Tanner Mitchell DDS,05-04-2025,Electronics,399.09,6,FALSE,2025,4,5,359.09,-1755.45,2025-04
Mark Oliver,16-04-2025,Clothing,218.19,6,TRUE,2025,4,2,142.19,-634.95,2025-04
Mary Massey,09-04-2025,Groceries,342.49,10,TRUE,2025,4,2,197.49,-1632.41,2025-04
Maria Parker,10-03-2025,Books,44.09,3,FALSE,2025,3,0,42.09,-82.18,2025-03
Morgan Davis,16-02-2025,Books,456.85,8,TRUE,2025,2,6,221.85,-1317.95,2025-02
Casey Anderson,26-03-2025,Books,320.76,8,FALSE,2025,3,2,275.76,-1885.32,2025-03
Kiara Mcintyre,10-05-2025,Clothing,449.96,1,FALSE,2025,5,5,188.96,261,2025-05
Roger Olson,06-05-2025,Clothing,83.2,9,FALSE,2025,5,1,48.2,-350.6,2025-05
Gina Wilson,31-05-2025,Clothing,153.08,10,FALSE,2025,5,5,43.08,-277.72,2025-05
Vincent Dalton,24-04-2025,Clothing,423.43,8,TRUE,2025,4,3,322.43,-2156.01,2025-04
Tracy Ballard,27-02-2025,Groceries,57.79,8,FALSE,2025,2,3,16.79,-76.53,2025-02
Alexis Herrera,13-03-2025,Clothing,151.46,10,FALSE,2025,3,3,114.46,-993.14,2025-03
Megan Richards,09-05-2025,Electronics,140.87,7,TRUE,2025,5,4,112.87,-649.22,2025-05
Ashley Hall,04-01-2025,Groceries,388.99,5,TRUE,2025,1,5,102.99,-125.96,2025-01
Kristina Herman,04-02-2025,Clothing,320.13,4,FALSE,2025,2,1,90.13,-40.39,2025-02
Rodney Blankenship,17-02-2025,Books,452.18,2,TRUE,2025,2,0,331.18,-210.18,2025-02
Charles Shah,17-02-2025,Clothing,21.52,8,FALSE,2025,2,0,20.52,-142.64,2025-02
Brent Clay Jr.,12-03-2025,Books,455.27,2,FALSE,2025,3,2,219.27,16.73,2025-03
Natalie Bautista,07-03-2025,Groceries,104.39,3,FALSE,2025,3,4,61.39,-79.78,2025-03
Brittany Perry,16-01-2025,Clothing,132.2,3,FALSE,2025,1,3,109.2,-195.4,2025-01
Jason Lynn Jr.,27-02-2025,Clothing,403.1,6,FALSE,2025,2,3,376.1,-1853.5,2025-02
Trevor Foley,16-01-2025,Electronics,378.3,3,TRUE,2025,1,3,331.3,-615.6,2025-01
Kimberly Levine,26-02-2025,Groceries,186.06,9,FALSE,2025,2,2,158.06,-1236.48,2025-02
Colton Martinez,13-05-2025,Electronics,270.6,5,FALSE,2025,5,1,114.6,-302.4,2025-05
Matthew May,04-04-2025,Clothing,294.36,5,FALSE,2025,4,4,156.36,-487.44,2025-04
Richard Sanchez,20-01-2025,Electronics,238.38,4,FALSE,2025,1,0,30.38,116.86,2025-01
Andrea Hubbard,02-02-2025,Books,319.52,2,FALSE,2025,2,6,81.52,156.48,2025-02
Sergio Murphy,24-01-2025,Clothing,62.75,7,TRUE,2025,1,4,51.75,-299.5,2025-01
April Garrison,23-01-2025,Electronics,497.98,5,TRUE,2025,1,3,28.98,353.08,2025-01
David Thompson,14-04-2025,Electronics,444.19,4,TRUE,2025,4,0,180.19,-276.57,2025-04
Adrian Tyler,07-02-2025,Groceries,188.65,8,FALSE,2025,2,4,140.65,-936.55,2025-02
Christopher Williams,26-04-2025,Books,329.19,7,FALSE,2025,4,5,319.19,-1905.14,2025-04
Nichole Alvarez,02-05-2025,Groceries,21.19,5,FALSE,2025,5,4,20.19,-79.76,2025-05
Ashley Gordon,28-05-2025,Books,225.12,8,TRUE,2025,5,2,45.12,-135.84,2025-05
Richard Camacho,23-03-2025,Clothing,490.56,2,FALSE,2025,3,6,281.56,-72.56,2025-03
Victor Brown,16-03-2025,Clothing,202.08,1,TRUE,2025,3,6,124.08,78,2025-03
Michael Henry,23-05-2025,Electronics,50.38,8,TRUE,2025,5,4,36.38,-240.66,2025-05
Bobby Franklin,11-01-2025,Electronics,394.46,1,TRUE,2025,1,5,26.46,368,2025-01
Mark Kelley,20-02-2025,Books,106.58,10,TRUE,2025,2,3,54.58,-439.22,2025-02
Kerry Chavez DDS,16-01-2025,Books,167.64,4,TRUE,2025,1,3,57.64,-62.92,2025-01
Sarah Curtis,01-05-2025,Electronics,429.91,5,TRUE,2025,5,3,125.91,-199.64,2025-05
Cindy Hayes,05-02-2025,Books,129.07,9,TRUE,2025,2,2,119.07,-942.56,2025-02
Jesse Perry,15-01-2025,Electronics,70.24,1,FALSE,2025,1,2,28.24,42,2025-01
Maurice Brooks,24-01-2025,Books,165.27,10,TRUE,2025,1,4,30.27,-137.43,2025-01
Andrea Decker,15-01-2025,Clothing,67.75,1,FALSE,2025,1,2,27.75,40,2025-01
Parker Cain,28-03-2025,Electronics,240.74,2,FALSE,2025,3,4,119.74,1.26,2025-03
Kristina Rivera,20-01-2025,Electronics,254.4,8,TRUE,2025,1,0,141.4,-876.8,2025-01
Maurice Christensen,16-05-2025,Clothing,323.45,8,TRUE,2025,5,4,278.45,-1904.15,2025-05
Tracy Burke,24-02-2025,Electronics,424.41,8,FALSE,2025,2,0,138.41,-682.87,2025-02
Christy Douglas,05-02-2025,Electronics,357.64,8,FALSE,2025,2,2,232.64,-1503.48,2025-02
Ryan Richardson,30-04-2025,Electronics,164.45,2,TRUE,2025,4,2,154.45,-144.45,2025-04
Renee Bruce,02-06-2025,Electronics,141.13,3,FALSE,2025,6,0,82.13,-105.26,2025-06
Lisa Day,05-01-2025,Groceries,267.63,10,FALSE,2025,1,6,13.63,131.33,2025-01
Sandra Adams,29-01-2025,Groceries,397.58,2,TRUE,2025,1,2,35.58,326.42,2025-01
Ellen Morgan,01-01-2025,Books,228.52,7,TRUE,2025,1,2,9.52,161.88,2025-01
Kylie Morales,23-01-2025,Groceries,414.57,6,FALSE,2025,1,3,158.57,-536.85,2025-01
Amanda Reese,03-02-2025,Groceries,159.71,2,FALSE,2025,2,0,118.71,-77.71,2025-02
Glen Wood,23-04-2025,Clothing,477.03,6,FALSE,2025,4,2,177.03,-585.15,2025-04
Latoya Miller,09-01-2025,Electronics,416.73,2,TRUE,2025,1,3,132.73,151.27,2025-01
Luke Craig,12-02-2025,Groceries,373.57,2,FALSE,2025,2,2,180.57,12.43,2025-02
Karla Ramos,12-02-2025,Books,34.69,9,FALSE,2025,2,2,31.69,-250.52,2025-02
Ashley Jordan,14-02-2025,Electronics,180.03,7,FALSE,2025,2,4,93.03,-471.18,2025-02
Katelyn Estrada,08-01-2025,Electronics,302.2,5,FALSE,2025,1,2,87.2,-133.8,2025-01
Kyle Smith,17-02-2025,Electronics,256.17,10,TRUE,2025,2,0,232.17,-2065.53,2025-02
Chad Scott,21-02-2025,Groceries,424.4,4,FALSE,2025,2,4,91.4,58.8,2025-02
Paul Thompson,01-03-2025,Clothing,382.49,2,TRUE,2025,3,5,41.49,299.51,2025-03
Kathryn Whitaker,06-05-2025,Groceries,487.4,9,TRUE,2025,5,1,431.4,-3395.2,2025-05
Scott Williams,03-01-2025,Clothing,94.31,1,FALSE,2025,1,4,38.31,56,2025-01
Shannon Johnston,31-03-2025,Clothing,8.02,6,TRUE,2025,3,0,5.02,-22.1,2025-03
Jennifer Wilson,04-01-2025,Groceries,75.23,2,TRUE,2025,1,5,60.23,-45.23,2025-01
Robert Montgomery,10-05-2025,Electronics,111.49,9,FALSE,2025,5,5,43.49,-279.92,2025-05
Anita Richard,07-02-2025,Groceries,82.92,6,FALSE,2025,2,4,35.92,-132.6,2025-02
Kelly Foster,18-02-2025,Clothing,300.13,10,TRUE,2025,2,1,187.13,-1571.17,2025-02
Gary Jackson,21-03-2025,Books,378.45,3,TRUE,2025,3,4,278.45,-456.9,2025-03
Jordan Bullock,24-02-2025,Electronics,224.34,5,FALSE,2025,2,0,73.34,-142.36,2025-02
Sabrina Briggs,06-02-2025,Groceries,223.81,10,FALSE,2025,2,3,203.81,-1814.29,2025-02
Craig Morrison,29-04-2025,Books,61.34,9,FALSE,2025,4,1,27.34,-184.72,2025-04
Cassandra Mejia,19-03-2025,Electronics,340.72,5,FALSE,2025,3,2,233.72,-827.88,2025-03
Olivia Cole,25-05-2025,Clothing,114.16,1,TRUE,2025,5,6,66.16,48,2025-05
Madison Weber,15-05-2025,Electronics,154.2,4,TRUE,2025,5,3,45.2,-26.6,2025-05
Brittany Jones,11-03-2025,Books,148.28,5,TRUE,2025,3,1,111.28,-408.12,2025-03
Donald Brown,21-03-2025,Electronics,374.77,8,TRUE,2025,3,4,42.77,32.61,2025-03
Jesse Brown,10-05-2025,Books,268.63,7,TRUE,2025,5,5,82.63,-309.78,2025-05
Sean Wyatt,07-04-2025,Clothing,201.55,2,TRUE,2025,4,0,100.55,0.45,2025-04
Julie Spencer,04-05-2025,Groceries,232.58,1,TRUE,2025,5,6,98.58,134,2025-05
Joanna Pacheco,12-04-2025,Clothing,217.5,10,FALSE,2025,4,5,186.5,-1647.5,2025-04
John Hernandez,10-01-2025,Groceries,62.01,5,TRUE,2025,1,4,12.01,1.96,2025-01
Steven Cooper,22-04-2025,Clothing,401.65,3,FALSE,2025,4,1,167.65,-101.3,2025-04
Carrie Wright,10-03-2025,Clothing,221.17,2,TRUE,2025,3,0,23.17,174.83,2025-03
Joseph Moore,28-02-2025,Books,296.49,7,TRUE,2025,2,4,189.49,-1029.94,2025-02
Jason Morgan,04-04-2025,Groceries,374.17,5,TRUE,2025,4,4,293.17,-1091.68,2025-04
Maria Jones,15-01-2025,Clothing,42.81,3,TRUE,2025,1,2,41.81,-82.62,2025-01
Diane Cummings,13-04-2025,Books,178.79,6,TRUE,2025,4,6,119.79,-539.95,2025-04
Shelley Cook,01-04-2025,Books,77.49,2,TRUE,2025,4,1,66.49,-55.49,2025-04
Gregory Ponce,20-04-2025,Books,80.67,10,TRUE,2025,4,6,24.67,-166.03,2025-04
Kurt Hurley,18-02-2025,Books,234.66,8,FALSE,2025,2,1,73.66,-354.62,2025-02
Rickey Li,15-04-2025,Clothing,79.72,6,TRUE,2025,4,1,54.72,-248.6,2025-04
Nancy Jennings,24-03-2025,Groceries,317.54,8,FALSE,2025,3,0,57.54,-142.78,2025-03
Jessica Cox,26-02-2025,Electronics,256.13,6,FALSE,2025,2,2,147.13,-626.65,2025-02
Daniel Meza,17-03-2025,Groceries,23.62,8,FALSE,2025,3,0,22.62,-157.34,2025-03
Chad Jones,12-05-2025,Clothing,324.11,2,TRUE,2025,5,0,38.11,247.89,2025-05
Randy Conley,18-05-2025,Groceries,292.26,8,TRUE,2025,5,6,125.26,-709.82,2025-05
George Miranda,21-01-2025,Groceries,327.66,10,FALSE,2025,1,1,62.66,-298.94,2025-01
Christopher Guerra,01-05-2025,Groceries,79.68,9,TRUE,2025,5,3,35.68,-241.44,2025-05
Carol Kim,06-03-2025,Groceries,406.43,2,FALSE,2025,3,3,166.43,73.57,2025-03
Cynthia Wallace,14-02-2025,Electronics,324.83,9,TRUE,2025,2,4,306.83,-2436.64,2025-02
Joann Ferguson,18-02-2025,Books,495.54,8,TRUE,2025,2,1,467.54,-3244.78,2025-02
Julie Conley,27-02-2025,Clothing,459.38,6,FALSE,2025,2,3,276.38,-1198.9,2025-02
Victoria Murray,13-02-2025,Groceries,341.05,6,TRUE,2025,2,3,303.05,-1477.25,2025-02
Joseph Burch,08-05-2025,Clothing,168.2,2,FALSE,2025,5,3,72.2,23.8,2025-05
Brenda Wright,11-04-2025,Clothing,363.25,5,TRUE,2025,4,4,332.25,-1298,2025-04
Kristen Garcia,13-05-2025,Clothing,293.46,2,TRUE,2025,5,1,76.46,140.54,2025-05
Dominique Hines,12-02-2025,Clothing,484.01,5,FALSE,2025,2,2,414.01,-1586.04,2025-02
Brittany Kim,28-05-2025,Books,355.87,10,TRUE,2025,5,2,237.87,-2022.83,2025-05
Jerry Bailey,05-01-2025,Clothing,191.46,9,FALSE,2025,1,6,14.46,61.32,2025-01
Jonathan Young,05-06-2025,Books,51.26,9,FALSE,2025,6,3,12.26,-59.08,2025-06
Alfred Galvan,12-05-2025,Clothing,184.49,1,TRUE,2025,5,0,37.49,147,2025-05
Raven Taylor,14-02-2025,Books,474.1,6,FALSE,2025,2,4,388.1,-1854.5,2025-02
Melissa Taylor,21-04-2025,Books,499.99,4,TRUE,2025,4,0,110.99,56.03,2025-04
Aaron Miller,09-02-2025,Electronics,422.99,5,TRUE,2025,2,6,116.99,-161.96,2025-02
Kimberly Acosta,24-03-2025,Electronics,438.81,6,TRUE,2025,3,0,309.81,-1420.05,2025-03
Dwayne Turner,08-01-2025,Groceries,85.31,3,TRUE,2025,1,2,66.31,-113.62,2025-01
Riley Bryant,18-01-2025,Groceries,208.38,1,TRUE,2025,1,5,189.38,19,2025-01
Linda Smith,22-03-2025,Groceries,146.04,10,FALSE,2025,3,5,42.04,-274.36,2025-03
Charles Patterson,06-04-2025,Books,123.39,9,FALSE,2025,4,6,95.39,-735.12,2025-04
Jason Beck,14-01-2025,Books,340.76,6,FALSE,2025,1,1,80.76,-143.8,2025-01
Andrea Fox,21-03-2025,Groceries,390.17,5,FALSE,2025,3,4,46.17,159.32,2025-03
Kristen Myers DDS,10-04-2025,Books,401.62,4,TRUE,2025,4,3,382.62,-1128.86,2025-04
Mrs. Alexis Kramer,23-02-2025,Clothing,322.38,1,FALSE,2025,2,6,71.38,251,2025-02
Lori Ingram,25-04-2025,Electronics,426.33,9,FALSE,2025,4,4,100.33,-476.64,2025-04
Andrew Payne,08-05-2025,Electronics,140.03,3,TRUE,2025,5,3,125.03,-235.06,2025-05
Richard Marshall,19-04-2025,Groceries,473.47,2,TRUE,2025,4,5,339.47,-205.47,2025-04
Robin Brown,02-05-2025,Groceries,465.58,6,FALSE,2025,5,4,96.58,-113.9,2025-05
Edward Williams,01-02-2025,Electronics,253.49,7,TRUE,2025,2,5,77.49,-288.94,2025-02
Timothy Robertson,04-06-2025,Groceries,190.58,2,TRUE,2025,6,2,147.58,-104.58,2025-06
Dawn Mullins,30-01-2025,Clothing,420.39,2,FALSE,2025,1,3,403.39,-386.39,2025-01
Richard Glenn,21-02-2025,Books,23.96,3,FALSE,2025,2,4,21.96,-41.92,2025-02
Jacob Preston,27-04-2025,Books,227.06,8,TRUE,2025,4,6,56.06,-221.42,2025-04
Jasmine Beltran,19-03-2025,Electronics,131.68,1,TRUE,2025,3,2,115.68,16,2025-03
Tim Stone PhD,24-04-2025,Groceries,389.21,2,TRUE,2025,4,3,222.21,-55.21,2025-04
Lance Short,27-03-2025,Clothing,28.64,2,FALSE,2025,3,3,27.64,-26.64,2025-03
Bobby Guerrero,17-02-2025,Groceries,59.87,2,FALSE,2025,2,0,20.87,18.13,2025-02
Jessica Norris,24-02-2025,Electronics,289.65,9,TRUE,2025,2,0,192.65,-1444.2,2025-02
Sergio Gomez,05-06-2025,Clothing,5.77,7,FALSE,2025,6,3,4.77,-27.62,2025-06
William Gould,12-01-2025,Books,211.2,10,TRUE,2025,1,6,174.2,-1530.8,2025-01
Heidi Owen,17-04-2025,Clothing,476.93,2,TRUE,2025,4,3,408.93,-340.93,2025-04
Brenda Lawson,02-05-2025,Groceries,26.55,8,FALSE,2025,5,4,22.55,-153.85,2025-05
Austin Osborne,27-02-2025,Clothing,374.92,5,FALSE,2025,2,3,60.92,70.32,2025-02
Keith Jacobs,17-04-2025,Electronics,124.36,6,TRUE,2025,4,3,12.36,50.2,2025-04
Jacqueline Hines,31-03-2025,Clothing,26.95,3,FALSE,2025,3,0,24.95,-47.9,2025-03
Jennifer Banks,08-02-2025,Books,490.51,8,FALSE,2025,2,5,448.51,-3097.57,2025-02
Noah Porter,02-03-2025,Books,36.23,3,FALSE,2025,3,6,34.23,-66.46,2025-03
Deborah Green,11-03-2025,Electronics,104.79,5,TRUE,2025,3,1,40.79,-99.16,2025-03
Donna Hendricks DDS,20-01-2025,Electronics,467.02,6,FALSE,2025,1,0,285.02,-1243.1,2025-01
Jodi Roach,11-03-2025,Groceries,23.13,5,TRUE,2025,3,1,19.13,-72.52,2025-03
Michael Bruce,19-02-2025,Clothing,431.76,6,TRUE,2025,2,2,255.76,-1102.8,2025-02
Austin Daniels,20-05-2025,Clothing,66.62,5,FALSE,2025,5,1,49.62,-181.48,2025-05
Michelle Ho,10-04-2025,Groceries,372.94,7,FALSE,2025,4,3,12.94,282.36,2025-04
Katie Martinez,01-02-2025,Clothing,250.62,3,FALSE,2025,2,5,93.62,-30.24,2025-02
Richard Johnson,28-03-2025,Clothing,137.03,9,TRUE,2025,3,4,58.03,-385.24,2025-03
Robert Arnold,06-04-2025,Groceries,218.15,2,TRUE,2025,4,6,173.15,-128.15,2025-04
Eric Key,23-04-2025,Clothing,55.79,6,FALSE,2025,4,2,25.79,-98.95,2025-04
Patricia Morrow,12-01-2025,Clothing,225.73,5,FALSE,2025,1,6,12.73,162.08,2025-01
Maria Cole,17-04-2025,Books,179.02,8,TRUE,2025,4,3,115.02,-741.14,2025-04
Shawn Deleon,10-04-2025,Clothing,499.08,10,FALSE,2025,4,3,98.08,-481.72,2025-04
Vincent Reynolds,23-05-2025,Electronics,337.24,2,FALSE,2025,5,4,304.24,-271.24,2025-05
Caleb Hernandez,26-01-2025,Clothing,401.54,9,TRUE,2025,1,6,88.54,-395.32,2025-01
Michael Reed,27-05-2025,Electronics,425.09,3,FALSE,2025,5,1,327.09,-556.18,2025-05
Sarah King,10-04-2025,Electronics,38.28,3,FALSE,2025,4,3,35.28,-67.56,2025-04
Beth Turner,25-03-2025,Clothing,474.99,7,TRUE,2025,3,1,432.99,-2555.94,2025-03
Caroline David,25-01-2025,Books,474.67,8,FALSE,2025,1,5,403.67,-2754.69,2025-01
Michelle Jacobs,12-05-2025,Groceries,289.09,2,FALSE,2025,5,0,139.09,10.91,2025-05
Samantha Johnson,08-01-2025,Groceries,326.53,6,TRUE,2025,1,2,244.53,-1140.65,2025-01
Laura Curtis,30-04-2025,Electronics,369.16,1,FALSE,2025,4,2,147.16,222,2025-04
Mark Jimenez,08-04-2025,Groceries,63.29,9,FALSE,2025,4,1,43.29,-326.32,2025-04
Tyler Webb,06-05-2025,Groceries,498.2,4,FALSE,2025,5,1,132.2,-30.6,2025-05
Elizabeth Jones,10-01-2025,Groceries,65.71,4,TRUE,2025,1,4,32.71,-65.13,2025-01
John Harris,05-04-2025,Groceries,449.85,3,FALSE,2025,4,5,156.85,-20.7,2025-04
Nathan Gross,15-05-2025,Electronics,335.58,6,TRUE,2025,5,3,241.58,-1113.9,2025-05
Bianca Wood,29-03-2025,Clothing,426.42,5,TRUE,2025,3,5,192.42,-535.68,2025-03
John Adams,08-02-2025,Clothing,116,9,TRUE,2025,2,5,75,-559,2025-02
Dylan Cruz,07-04-2025,Books,396.23,4,TRUE,2025,4,0,89.23,39.31,2025-04
Sean Moore,21-02-2025,Clothing,288.28,9,FALSE,2025,2,4,258.28,-2036.24,2025-02
Emily Hines,19-03-2025,Books,442.7,10,TRUE,2025,3,2,364.7,-3204.3,2025-03
Kathleen Parker,04-01-2025,Clothing,499.8,7,FALSE,2025,1,5,438.8,-2571.8,2025-01
Kathy Levy,03-02-2025,Groceries,412.55,7,TRUE,2025,2,0,79.55,-144.3,2025-02
Anthony Simpson,18-05-2025,Books,322.96,6,FALSE,2025,5,6,120.96,-402.8,2025-05
Julie Herrera,13-05-2025,Groceries,175.53,9,TRUE,2025,5,1,125.53,-954.24,2025-05
Stephen Luna,30-04-2025,Books,253.92,7,TRUE,2025,4,2,239.92,-1425.52,2025-04
James Hudson,31-01-2025,Electronics,80.74,9,TRUE,2025,1,4,14.74,-51.92,2025-01
Angel Gordon,30-04-2025,Books,467.7,6,TRUE,2025,4,2,208.7,-784.5,2025-04
William Becker,19-01-2025,Clothing,447.99,9,TRUE,2025,1,6,396.99,-3124.92,2025-01
Jennifer Norton,22-02-2025,Clothing,319.35,4,FALSE,2025,2,5,306.35,-906.05,2025-02
Nicole Gonzalez,21-03-2025,Books,309.14,5,TRUE,2025,3,4,296.14,-1171.56,2025-03
Amber Taylor,22-02-2025,Books,471.1,10,TRUE,2025,2,5,370.1,-3229.9,2025-02
Jesus Obrien,22-03-2025,Books,361.71,10,FALSE,2025,3,5,306.71,-2705.39,2025-03
Louis Martin,04-06-2025,Electronics,45.21,1,FALSE,2025,6,2,42.21,3,2025-06
Elizabeth Rogers,10-05-2025,Books,211.21,10,TRUE,2025,5,5,95.21,-740.89,2025-05
Michelle Evans,08-05-2025,Groceries,148.39,9,FALSE,2025,5,3,17.39,-8.12,2025-05
Michael Whitney,02-04-2025,Groceries,403.32,4,FALSE,2025,4,2,39.32,246.04,2025-04
Molly Watts,05-01-2025,Clothing,41.12,8,TRUE,2025,1,6,39.12,-271.84,2025-01
Walter Patton,02-05-2025,Books,210.73,8,FALSE,2025,5,4,148.73,-979.11,2025-05
Mikayla Silva,27-01-2025,Books,305.3,6,FALSE,2025,1,0,222.3,-1028.5,2025-01
Lisa Randall,24-01-2025,Clothing,487.81,6,TRUE,2025,1,4,150.81,-417.05,2025-01
Amanda Vaughan,18-01-2025,Clothing,283.02,9,FALSE,2025,1,5,135.02,-932.16,2025-01
Erik Hernandez,18-04-2025,Books,65.65,8,FALSE,2025,4,4,22.65,-115.55,2025-04
Reginald Knapp,17-05-2025,Books,52.92,3,FALSE,2025,5,5,14.92,8.16,2025-05
Amy Taylor,02-02-2025,Groceries,211.98,10,TRUE,2025,2,6,96.98,-757.82,2025-02
Matthew Fox,18-02-2025,Clothing,361.96,10,TRUE,2025,2,1,229.96,-1937.64,2025-02
Thomas Peterson,25-02-2025,Books,498,8,FALSE,2025,2,1,399,-2694,2025-02
Michelle Schneider,19-04-2025,Groceries,251.2,5,TRUE,2025,4,5,85.2,-174.8,2025-04
Cheryl Wright,29-03-2025,Groceries,231.33,9,TRUE,2025,3,5,44.33,-167.64,2025-03
William Evans,15-02-2025,Books,179.68,10,TRUE,2025,2,5,160.68,-1427.12,2025-02
Michael Stewart,24-02-2025,Clothing,300.77,8,FALSE,2025,2,0,198.77,-1289.39,2025-02
Rebecca Hill,20-01-2025,Clothing,9.05,9,TRUE,2025,1,0,5.05,-36.4,2025-01
Jamie Baird,08-05-2025,Groceries,441.82,3,FALSE,2025,5,3,118.82,85.36,2025-05
Regina Roberts,14-02-2025,Groceries,27.39,6,TRUE,2025,2,4,26.39,-130.95,2025-02
Hannah Ramos,10-02-2025,Books,278.85,6,TRUE,2025,2,0,114.85,-410.25,2025-02
Dale Ryan,26-05-2025,Groceries,227.93,9,FALSE,2025,5,0,128.93,-932.44,2025-05
Breanna Gilbert,02-04-2025,Electronics,487.67,3,FALSE,2025,4,2,263.67,-303.34,2025-04
Michael Schmidt,10-04-2025,Clothing,281.13,6,FALSE,2025,4,3,269.13,-1333.65,2025-04
Jason Love,16-01-2025,Books,303.22,4,FALSE,2025,1,3,173.22,-389.66,2025-01
Abigail Pierce,26-05-2025,Electronics,24.26,1,FALSE,2025,5,0,22.26,2,2025-05
Timothy Johns,16-03-2025,Groceries,231.21,9,TRUE,2025,3,6,191.21,-1489.68,2025-03
Victor Morris,11-04-2025,Clothing,162.67,10,FALSE,2025,4,4,17.67,-14.03,2025-04
Ann Andrews,25-03-2025,Clothing,171.5,10,FALSE,2025,3,1,137.5,-1203.5,2025-03
Taylor Gentry,28-01-2025,Clothing,408.8,8,FALSE,2025,1,1,82.8,-253.6,2025-01
Casey Gillespie,05-06-2025,Clothing,490.05,2,FALSE,2025,6,3,295.05,-100.05,2025-06
Jon Zuniga,31-05-2025,Electronics,239.92,10,TRUE,2025,5,5,9.92,140.72,2025-05
Sherri Smith,30-03-2025,Electronics,242.82,10,FALSE,2025,3,6,38.82,-145.38,2025-03
William Mitchell,04-06-2025,Books,20.63,4,TRUE,2025,6,2,18.63,-53.89,2025-06
Kathleen Mays,13-05-2025,Books,223.31,1,FALSE,2025,5,1,95.31,128,2025-05
Corey Rodriguez,26-01-2025,Books,346.8,7,FALSE,2025,1,6,16.8,229.2,2025-01
David Lopez,26-04-2025,Groceries,354.36,1,TRUE,2025,4,5,238.36,116,2025-04
Laura Todd,28-01-2025,Clothing,265.11,8,FALSE,2025,1,1,185.11,-1215.77,2025-01
Stephanie Wilcox,22-03-2025,Books,456.5,8,FALSE,2025,3,5,419.5,-2899.5,2025-03
Michael Lopez,22-01-2025,Clothing,306.99,5,TRUE,2025,1,2,197.99,-682.96,2025-01
David Green,06-02-2025,Books,281.25,5,TRUE,2025,2,3,214.25,-790,2025-02
Tiffany Turner,23-04-2025,Clothing,353.93,5,FALSE,2025,4,2,267.93,-985.72,2025-04
Matthew Schwartz,10-01-2025,Clothing,177.66,8,FALSE,2025,1,4,46.66,-195.62,2025-01
Eric Sullivan,20-03-2025,Clothing,288.87,2,FALSE,2025,3,3,24.87,239.13,2025-03
Michele Collins,19-01-2025,Groceries,477.53,6,TRUE,2025,1,6,377.53,-1787.65,2025-01
Elizabeth Mendez,04-02-2025,Clothing,147.38,1,TRUE,2025,2,1,97.38,50,2025-02
Christian Adkins,05-04-2025,Clothing,329.71,8,FALSE,2025,4,5,297.71,-2051.97,2025-04
Joshua Ruiz,25-03-2025,Books,414.84,4,FALSE,2025,3,1,377.84,-1096.52,2025-03
Colleen Wright,28-04-2025,Clothing,59.07,3,TRUE,2025,4,0,26.07,-19.14,2025-04
Angela Griffin,20-04-2025,Books,336.57,1,TRUE,2025,4,6,181.57,155,2025-04
Justin Brown,27-03-2025,Books,54.6,1,FALSE,2025,3,3,31.6,23,2025-03
Laura Hernandez,21-02-2025,Groceries,342.19,2,TRUE,2025,2,4,110.19,121.81,2025-02
Audrey Harris,02-04-2025,Electronics,489.07,9,TRUE,2025,4,2,351.07,-2670.56,2025-04
Jordan Stokes,12-03-2025,Groceries,241.34,8,TRUE,2025,3,2,146.34,-929.38,2025-03
Joyce Brown,14-03-2025,Clothing,146.28,6,TRUE,2025,3,4,58.28,-203.4,2025-03
Miranda Foster,08-05-2025,Electronics,119.95,10,TRUE,2025,5,3,12.95,-9.55,2025-05
Laura Williams,23-02-2025,Books,441.71,7,TRUE,2025,2,6,199.71,-956.26,2025-02
Zachary Michael,11-01-2025,Electronics,395.04,7,TRUE,2025,1,5,363.04,-2146.24,2025-01
Amanda Ortiz,01-05-2025,Clothing,9.59,1,TRUE,2025,5,3,8.59,1,2025-05
Veronica Brewer,07-03-2025,Clothing,229.9,5,FALSE,2025,3,4,30.9,75.4,2025-03
Janet Kane DVM,28-02-2025,Books,236.67,9,TRUE,2025,2,4,213.67,-1686.36,2025-02
Mary Ryan,13-04-2025,Electronics,85.43,6,FALSE,2025,4,6,53.43,-235.15,2025-04
Christopher Medina,24-03-2025,Clothing,11.97,3,FALSE,2025,3,0,9.97,-17.94,2025-03
Courtney Smith,04-01-2025,Clothing,338.83,10,TRUE,2025,1,5,314.83,-2809.47,2025-01
Michael Stephens,25-03-2025,Books,428.79,10,FALSE,2025,3,1,170.79,-1279.11,2025-03
Danielle Reed,13-02-2025,Groceries,167.32,9,FALSE,2025,2,3,26.32,-69.56,2025-02
Molly Rodriguez,07-05-2025,Electronics,490.93,3,FALSE,2025,5,2,421.93,-774.86,2025-05
Ralph Stephenson,03-01-2025,Clothing,8.38,4,FALSE,2025,1,4,7.38,-21.14,2025-01
Brian Johnson,04-04-2025,Books,378.11,8,FALSE,2025,4,4,248.11,-1606.77,2025-04
Amber Yang,04-03-2025,Clothing,362.83,10,TRUE,2025,3,1,125.83,-895.47,2025-03
Daniel Shields,09-01-2025,Clothing,347.92,6,TRUE,2025,1,3,34.92,138.4,2025-01
Donna Cabrera,25-04-2025,Electronics,156.87,8,FALSE,2025,4,4,63.87,-354.09,2025-04
Kyle Chambers,20-02-2025,Clothing,321.16,2,FALSE,2025,2,3,97.16,126.84,2025-02
Charles Keller,04-02-2025,Clothing,114.32,10,TRUE,2025,2,1,79.32,-678.88,2025-02
Antonio Fry,18-05-2025,Groceries,230.21,3,FALSE,2025,5,6,29.21,142.58,2025-05
Lori Simmons,19-03-2025,Groceries,456.83,9,TRUE,2025,3,2,100.83,-450.64,2025-03
Teresa Powers,03-05-2025,Books,437.2,10,TRUE,2025,5,5,261.2,-2174.8,2025-05
Jason Hernandez,28-02-2025,Groceries,353.36,9,TRUE,2025,2,4,226.36,-1683.88,2025-02
Kara Atkinson,16-02-2025,Electronics,415.24,1,TRUE,2025,2,6,349.24,66,2025-02
Renee Melendez,29-03-2025,Books,167.42,3,FALSE,2025,3,5,74.42,-55.84,2025-03
Kristin Anderson,07-02-2025,Electronics,359.87,4,FALSE,2025,2,4,233.87,-575.61,2025-02
Matthew Nielsen,13-05-2025,Electronics,225.51,9,TRUE,2025,5,1,190.51,-1489.08,2025-05
Nathaniel Lee,11-02-2025,Groceries,259.06,3,FALSE,2025,2,1,189.06,-308.12,2025-02
Lindsey Russo,30-01-2025,Electronics,233.88,9,FALSE,2025,1,3,35.88,-89.04,2025-01
Misty Hansen,16-03-2025,Electronics,130.96,7,TRUE,2025,3,6,68.96,-351.76,2025-03
Felicia Krueger,03-01-2025,Books,41.15,10,FALSE,2025,1,4,39.15,-350.35,2025-01
Tonya Wilson,06-06-2025,Clothing,272.88,2,TRUE,2025,6,4,166.88,-60.88,2025-06
David Munoz,01-02-2025,Electronics,20.71,8,FALSE,2025,2,5,18.71,-128.97,2025-02
Kristen Rowe,01-03-2025,Books,384.08,3,FALSE,2025,3,5,337.08,-627.16,2025-03
Heather Green,22-03-2025,Clothing,227.03,7,FALSE,2025,3,5,97.03,-452.18,2025-03
Brett Zavala MD,12-05-2025,Groceries,342.95,2,TRUE,2025,5,0,33.95,275.05,2025-05
Jacqueline Gutierrez,29-03-2025,Clothing,93.34,2,FALSE,2025,3,5,21.34,50.66,2025-03
Charles Green,26-05-2025,Books,418.24,4,TRUE,2025,5,0,381.24,-1106.72,2025-05
Jennifer Hernandez,21-02-2025,Clothing,338.38,8,FALSE,2025,2,4,105.38,-504.66,2025-02
Roy Porter,13-04-2025,Groceries,127.52,4,FALSE,2025,4,6,99.52,-270.56,2025-04
Dawn Underwood,31-05-2025,Books,98.3,5,TRUE,2025,5,5,61.3,-208.2,2025-05
Katherine Jackson,05-05-2025,Electronics,309.39,7,TRUE,2025,5,0,67.39,-162.34,2025-05
Nathan Freeman,24-05-2025,Books,38.31,4,TRUE,2025,5,5,36.31,-106.93,2025-05
Maria Brown,06-01-2025,Groceries,337.65,10,TRUE,2025,1,0,129.65,-958.85,2025-01
Theresa Barnett,30-04-2025,Books,204.12,1,TRUE,2025,4,2,99.12,105,2025-04
Ryan Hall,21-04-2025,Books,74.37,1,FALSE,2025,4,0,56.37,18,2025-04
Jonathan Brooks,07-04-2025,Books,162.86,10,FALSE,2025,4,0,35.86,-195.74,2025-04
Lisa Webb,18-03-2025,Books,438.75,5,TRUE,2025,3,1,60.75,135,2025-03
Juan Smith,24-03-2025,Groceries,141.2,5,TRUE,2025,3,0,107.2,-394.8,2025-03
William Smith,07-05-2025,Groceries,250.33,9,FALSE,2025,5,2,79.33,-463.64,2025-05
Renee Browning,17-01-2025,Groceries,162.77,9,FALSE,2025,1,4,61.77,-393.16,2025-01
Chase Lee,24-03-2025,Groceries,153.44,3,TRUE,2025,3,0,74.44,-69.88,2025-03
Debra Sanders,28-02-2025,Groceries,425.42,4,FALSE,2025,2,4,312.42,-824.26,2025-02
Karl Branch,05-02-2025,Books,457.8,8,FALSE,2025,2,2,276.8,-1756.6,2025-02
Sarah Valdez,15-05-2025,Groceries,267.35,9,FALSE,2025,5,3,225.35,-1760.8,2025-05
Anna Gray,28-03-2025,Books,105.65,5,TRUE,2025,3,4,91.65,-352.6,2025-03
Adam Jackson,20-03-2025,Groceries,50.77,6,TRUE,2025,3,3,37.77,-175.85,2025-03
Richard Knight,14-05-2025,Electronics,191.7,5,TRUE,2025,5,2,110.7,-361.8,2025-05
Joseph Williams,03-02-2025,Electronics,403.3,4,TRUE,2025,2,0,324.3,-893.9,2025-02
Stacy Alvarez,08-01-2025,Groceries,435.39,4,FALSE,2025,1,2,369.39,-1042.17,2025-01
Timothy Lam,29-03-2025,Clothing,109.84,1,TRUE,2025,3,5,40.84,69,2025-03
Timothy Edwards,31-05-2025,Electronics,457.65,8,TRUE,2025,5,5,213.65,-1251.55,2025-05
Nicole Marquez,04-03-2025,Groceries,278.28,4,FALSE,2025,3,1,54.28,61.16,2025-03
Christopher Allen,11-05-2025,Groceries,269.16,8,FALSE,2025,5,6,216.16,-1460.12,2025-05
Steven Rivera,28-04-2025,Clothing,183.02,5,FALSE,2025,4,0,86.02,-247.08,2025-04
William Ramsey,20-03-2025,Groceries,402.39,2,FALSE,2025,3,3,280.39,-158.39,2025-03
Amy Kim,11-05-2025,Clothing,188.5,4,FALSE,2025,5,6,103.5,-225.5,2025-05
Randy Friedman,03-03-2025,Electronics,432.72,10,TRUE,2025,3,0,113.72,-704.48,2025-03
Alyssa Nelson,04-06-2025,Electronics,278.89,5,FALSE,2025,6,2,188.89,-665.56,2025-06
Henry Pugh MD,17-04-2025,Clothing,102.11,3,TRUE,2025,4,3,11.11,68.78,2025-04
Angelica Montgomery,05-05-2025,Groceries,417.51,10,FALSE,2025,5,0,94.51,-527.59,2025-05
Angela Moore,22-04-2025,Clothing,382.86,5,FALSE,2025,4,1,285.86,-1046.44,2025-04
Nancy Stewart,17-01-2025,Groceries,88.28,8,FALSE,2025,1,4,49.28,-305.96,2025-01
Eric Ward,12-02-2025,Books,361.56,3,FALSE,2025,2,2,307.56,-561.12,2025-02
Cody Cole,28-03-2025,Books,495.21,9,TRUE,2025,3,4,275.21,-1981.68,2025-03
Alexander Gomez,15-01-2025,Electronics,472.87,2,TRUE,2025,1,2,24.87,423.13,2025-01
Erika Cruz,15-02-2025,Electronics,73.06,7,TRUE,2025,2,5,30.06,-137.36,2025-02
Bradley Santana,22-05-2025,Electronics,9.53,3,FALSE,2025,5,3,5.53,-7.06,2025-05
Laura Jackson,01-03-2025,Clothing,310.83,1,FALSE,2025,3,5,190.83,120,2025-03
Eric Snyder,10-01-2025,Groceries,8.27,1,FALSE,2025,1,4,4.27,4,2025-01
Jason Washington,13-01-2025,Electronics,267.06,1,FALSE,2025,1,0,43.06,224,2025-01
David Weber,03-04-2025,Clothing,253.6,1,FALSE,2025,4,3,125.6,128,2025-04
Brian Torres,29-05-2025,Books,459.43,2,TRUE,2025,5,3,307.43,-155.43,2025-05
Manuel Brock,21-02-2025,Books,311.79,4,FALSE,2025,2,4,294.79,-867.37,2025-02
Robert Villarreal,02-06-2025,Clothing,398.49,5,TRUE,2025,6,0,15.49,321.04,2025-06
Frank Valentine,01-02-2025,Clothing,232.2,7,TRUE,2025,2,5,113.2,-560.2,2025-02
Vincent Novak,15-02-2025,Books,343.6,5,TRUE,2025,2,5,207.6,-694.4,2025-02
Katherine Johnston,07-02-2025,Electronics,205.61,2,FALSE,2025,2,4,132.61,-59.61,2025-02
Robert Long,18-01-2025,Groceries,320.19,1,TRUE,2025,1,5,143.19,177,2025-01
Leslie Gardner,17-04-2025,Electronics,423.44,8,FALSE,2025,4,3,191.44,-1108.08,2025-04
Tiffany Murray,21-04-2025,Electronics,459.98,9,TRUE,2025,4,0,153.98,-925.84,2025-04
Eddie Schwartz,08-05-2025,Books,240.37,10,TRUE,2025,5,3,174.37,-1503.33,2025-05
Jennifer Porter,09-04-2025,Electronics,450.16,5,TRUE,2025,4,2,138.16,-240.64,2025-04
Matthew Espinoza,04-05-2025,Books,12.75,6,TRUE,2025,5,6,10.75,-51.75,2025-05
William Mendoza,04-03-2025,Books,464.79,7,FALSE,2025,3,1,161.79,-667.74,2025-03
Tami Holt,26-03-2025,Books,124.03,10,FALSE,2025,3,2,114.03,-1016.27,2025-03
Heather Woodard,25-03-2025,Clothing,379.03,7,TRUE,2025,3,1,156.03,-713.18,2025-03
Angela Mack,13-04-2025,Electronics,374,9,FALSE,2025,4,6,342,-2704,2025-04
Matthew Williams,03-06-2025,Electronics,221.36,2,TRUE,2025,6,1,201.36,-181.36,2025-06
Jennifer Goodwin,31-05-2025,Clothing,385.66,10,FALSE,2025,5,5,135.66,-970.94,2025-05
Adam Green,21-03-2025,Clothing,318.89,1,FALSE,2025,3,4,50.89,268,2025-03
Lauren Johnston,11-03-2025,Groceries,181.13,4,FALSE,2025,3,1,163.13,-471.39,2025-03
Raymond Chapman,20-03-2025,Groceries,341.45,3,FALSE,2025,3,3,114.45,-1.9,2025-03
Alexander Garcia,06-03-2025,Electronics,151.21,10,TRUE,2025,3,3,41.21,-260.89,2025-03
Audrey Shepard,23-01-2025,Electronics,137.65,2,FALSE,2025,1,3,66.65,4.35,2025-01
Jesse Clark,17-03-2025,Books,161.76,7,TRUE,2025,3,0,126.76,-725.56,2025-03
Jeffrey Horton,19-02-2025,Electronics,471.77,1,FALSE,2025,2,2,230.77,241,2025-02
Robert Wilson,13-05-2025,Clothing,55.6,5,TRUE,2025,5,1,14.6,-17.4,2025-05
Megan Martin,03-06-2025,Books,227.18,7,FALSE,2025,6,1,156.18,-866.08,2025-06
Christopher Moore,29-03-2025,Electronics,49.36,1,TRUE,2025,3,5,48.36,1,2025-03
Crystal Sullivan,29-01-2025,Clothing,11.11,7,FALSE,2025,1,2,10.11,-59.66,2025-01
Jessica Johnson,06-04-2025,Groceries,363.8,2,TRUE,2025,4,6,145.8,72.2,2025-04
Kevin Price,21-04-2025,Books,88.9,7,FALSE,2025,4,0,51.9,-274.4,2025-04
Paul Stokes,10-01-2025,Clothing,249.1,5,TRUE,2025,1,4,206.1,-781.4,2025-01
Shane Lopez,20-02-2025,Books,141.6,7,FALSE,2025,2,3,86.6,-464.6,2025-02
Dennis Huffman,24-03-2025,Groceries,183.76,2,TRUE,2025,3,0,98.76,-13.76,2025-03
Linda Carr,02-04-2025,Groceries,310.25,10,FALSE,2025,4,2,178.25,-1472.25,2025-04
Ryan Williamson,08-05-2025,Electronics,155.81,3,FALSE,2025,5,3,122.81,-212.62,2025-05
Elizabeth Mendez,14-01-2025,Clothing,193.05,10,FALSE,2025,1,1,179.05,-1597.45,2025-01
Bruce Torres,29-01-2025,Groceries,218.16,6,TRUE,2025,1,2,86.16,-298.8,2025-01
Kayla Barnes,22-01-2025,Clothing,303.59,6,TRUE,2025,1,2,137.59,-521.95,2025-01
Cody Reid,19-04-2025,Groceries,92.93,6,FALSE,2025,4,5,62.93,-284.65,2025-04
Zoe Peters,18-03-2025,Clothing,368.76,5,FALSE,2025,3,1,123.76,-250.04,2025-03
Ernest Hayes,09-01-2025,Books,191.15,6,FALSE,2025,1,3,35.15,-19.75,2025-01
Adam Taylor,08-05-2025,Clothing,466.37,2,TRUE,2025,5,3,74.37,317.63,2025-05
Kathy Simpson,17-04-2025,Books,18.32,9,FALSE,2025,4,3,17.32,-137.56,2025-04
Ryan Burns,13-01-2025,Books,399.85,8,TRUE,2025,1,0,157.85,-862.95,2025-01
Philip Carter,12-02-2025,Groceries,73.89,8,FALSE,2025,2,2,34.89,-205.23,2025-02
Carol Ellis,26-04-2025,Books,331.04,5,FALSE,2025,4,5,251.04,-924.16,2025-04
Krista Wilson,18-01-2025,Groceries,227.29,2,FALSE,2025,1,5,37.29,152.71,2025-01
Samantha Richardson,09-05-2025,Groceries,255.77,9,FALSE,2025,5,4,142.77,-1029.16,2025-05
Nathan Payne,04-06-2025,Electronics,352.31,6,TRUE,2025,6,2,248.31,-1137.55,2025-06
Ronald Potter,16-02-2025,Electronics,330.51,4,FALSE,2025,2,6,131.51,-195.53,2025-02
Mrs. Hannah Montoya MD,05-06-2025,Books,26.93,10,FALSE,2025,6,3,22.93,-202.37,2025-06
Cynthia Cochran,02-04-2025,Clothing,57.44,7,TRUE,2025,4,2,47.44,-274.64,2025-04
Michael Chen,26-01-2025,Clothing,257.78,4,TRUE,2025,1,6,27.78,146.66,2025-01
Daniel Clark,10-01-2025,Groceries,198.61,6,TRUE,2025,1,4,28.61,26.95,2025-01
Douglas Ryan,20-02-2025,Clothing,243.97,1,FALSE,2025,2,3,215.97,28,2025-02
Donna Adams,14-05-2025,Groceries,62.45,2,TRUE,2025,5,2,28.45,5.55,2025-05
Miss Anna Estes,03-05-2025,Clothing,174.82,5,TRUE,2025,5,5,79.82,-224.28,2025-05
Wendy Camacho,20-01-2025,Groceries,240.7,6,FALSE,2025,1,0,95.7,-333.5,2025-01
Danielle Dawson,10-05-2025,Groceries,38.25,6,TRUE,2025,5,5,37.25,-185.25,2025-05
Megan Burns,01-04-2025,Electronics,425.34,1,TRUE,2025,4,1,264.34,161,2025-04
Jason Hayes,09-04-2025,Books,260.42,4,TRUE,2025,4,2,141.42,-305.26,2025-04
Anna Robertson,13-02-2025,Clothing,216.05,9,FALSE,2025,2,3,14.05,89.6,2025-02
Jackie Clements,21-02-2025,Books,316.73,7,TRUE,2025,2,4,168.73,-864.38,2025-02
Raymond Oconnor,25-04-2025,Groceries,19.45,7,TRUE,2025,4,4,17.45,-102.7,2025-04
Matthew Howard,10-01-2025,Groceries,217.63,10,TRUE,2025,1,4,32.63,-108.67,2025-01
Claudia Jordan,03-02-2025,Books,142.78,4,TRUE,2025,2,0,122.78,-348.34,2025-02
Ronald Morgan,01-04-2025,Electronics,97.55,9,FALSE,2025,4,1,45.55,-312.4,2025-04
Karina Cooper,17-04-2025,Books,61.41,8,FALSE,2025,4,3,48.41,-325.87,2025-04
Brett Bowers,13-03-2025,Clothing,197.38,10,FALSE,2025,3,3,56.38,-366.42,2025-03
Scott Alexander,01-01-2025,Electronics,179.23,6,FALSE,2025,1,2,76.23,-278.15,2025-01
Christina Barker,21-01-2025,Books,459.75,5,TRUE,2025,1,1,423.75,-1659,2025-01
Caitlin Cantu,12-02-2025,Books,63.34,6,FALSE,2025,2,2,46.34,-214.7,2025-02
Danielle Watson,22-05-2025,Electronics,189.79,3,TRUE,2025,5,3,81.79,-55.58,2025-05
James Torres,20-04-2025,Groceries,300.23,7,FALSE,2025,4,6,103.23,-422.38,2025-04
Matthew Padilla,01-01-2025,Groceries,245.9,3,TRUE,2025,1,2,116.9,-104.8,2025-01
Casey Perez,17-04-2025,Books,147.97,8,TRUE,2025,4,3,127.97,-875.79,2025-04
Michael Montoya,04-06-2025,Clothing,311.61,8,FALSE,2025,6,2,114.61,-605.27,2025-06
Carlos Jones,01-03-2025,Electronics,72.58,8,FALSE,2025,3,5,39.58,-244.06,2025-03
Ashley Edwards,18-05-2025,Groceries,343.92,7,FALSE,2025,5,6,244.92,-1370.52,2025-05
Raymond Mullins,21-01-2025,Groceries,87.79,8,TRUE,2025,1,1,69.79,-470.53,2025-01
Brenda Moreno MD,12-04-2025,Books,21.18,5,TRUE,2025,4,5,19.18,-74.72,2025-04
Nathan Fuller,24-01-2025,Clothing,391.47,3,FALSE,2025,1,4,311.47,-542.94,2025-01
Michael Heath,14-01-2025,Electronics,61.53,10,FALSE,2025,1,1,30.53,-243.77,2025-01
Paul Lawrence,01-03-2025,Electronics,275.44,8,FALSE,2025,3,5,143.44,-872.08,2025-03
Emily Taylor,13-02-2025,Electronics,152.37,4,TRUE,2025,2,3,113.37,-301.11,2025-02
Juan Greene,05-04-2025,Groceries,177.55,5,TRUE,2025,4,5,45.55,-50.2,2025-04
Melissa Abbott,13-04-2025,Groceries,388.94,2,TRUE,2025,4,6,81.94,225.06,2025-04
Joseph Hicks,27-04-2025,Books,346.12,10,FALSE,2025,4,6,229.12,-1945.08,2025-04
Anthony Hurst,30-05-2025,Books,73.92,10,TRUE,2025,5,4,15.92,-85.28,2025-05
Brian Porter MD,24-03-2025,Books,287.19,1,FALSE,2025,3,0,162.19,125,2025-03
Victoria Peck,21-01-2025,Books,489.61,6,FALSE,2025,1,1,315.61,-1404.05,2025-01
Laura Diaz,17-04-2025,Clothing,137.33,10,TRUE,2025,4,3,82.33,-685.97,2025-04
Tiffany Townsend,03-01-2025,Books,459.79,7,FALSE,2025,1,4,313.79,-1736.74,2025-01
Dennis Williams,10-01-2025,Books,128.59,3,FALSE,2025,1,4,54.59,-35.18,2025-01
Katie Fuller,20-03-2025,Books,247.28,7,FALSE,2025,3,3,63.28,-195.68,2025-03
Michael Miller,25-03-2025,Groceries,228.74,7,TRUE,2025,3,1,110.74,-546.44,2025-03
Diamond Collins,21-03-2025,Groceries,376.15,9,FALSE,2025,3,4,225.15,-1650.2,2025-03
Robert Herrera,03-03-2025,Groceries,167.01,8,TRUE,2025,3,0,144.01,-985.07,2025-03
Sandra Becker,11-01-2025,Electronics,319.25,8,FALSE,2025,1,5,277.25,-1898.75,2025-01
Monica Mathis,10-01-2025,Electronics,201.87,9,FALSE,2025,1,4,96.87,-669.96,2025-01
Jeffrey Chavez,06-04-2025,Books,137.93,8,FALSE,2025,4,6,83.93,-533.51,2025-04
Patrick Yang,19-01-2025,Clothing,291.08,9,FALSE,2025,1,6,50.08,-159.64,2025-01
Meredith Martin,29-05-2025,Clothing,27.74,1,FALSE,2025,5,3,23.74,4,2025-05
Rachel Le,27-01-2025,Electronics,465.07,2,TRUE,2025,1,0,199.07,66.93,2025-01
Richard Adams,19-05-2025,Groceries,5.33,8,FALSE,2025,5,0,4.33,-29.31,2025-05
Alyssa Roman,12-02-2025,Books,441.66,3,FALSE,2025,2,2,191.66,-133.32,2025-02
Michael Ray,13-01-2025,Books,51.2,5,FALSE,2025,1,0,23.2,-64.8,2025-01
Ian Porter,30-03-2025,Clothing,189.06,2,TRUE,2025,3,6,64.06,60.94,2025-03
David Garcia,31-03-2025,Electronics,314.67,7,TRUE,2025,3,0,116.67,-502.02,2025-03
Crystal Hicks,07-01-2025,Groceries,353.33,2,TRUE,2025,1,1,310.33,-267.33,2025-01
Dana Ruiz,01-03-2025,Books,43.58,8,TRUE,2025,3,5,41.58,-289.06,2025-03
Timothy Mathews,28-03-2025,Groceries,8.99,1,FALSE,2025,3,4,4.99,4,2025-03
Natalie Barnes,20-02-2025,Electronics,348.55,7,FALSE,2025,2,3,294.55,-1713.3,2025-02
Nathan Nelson,13-01-2025,Electronics,194.62,4,TRUE,2025,1,0,164.62,-463.86,2025-01
Jonathan Winters,29-01-2025,Electronics,186.94,6,FALSE,2025,1,2,76.94,-274.7,2025-01
Vicki Finley,11-01-2025,Books,387.86,7,TRUE,2025,1,5,286.86,-1620.16,2025-01
Douglas Kirk,21-02-2025,Books,267.6,2,TRUE,2025,2,4,184.6,-101.6,2025-02
Aimee Gonzalez,30-03-2025,Books,178.84,8,TRUE,2025,3,6,149.84,-1019.88,2025-03
Marcus Marshall,03-04-2025,Books,309.96,7,FALSE,2025,4,3,244.96,-1404.76,2025-04
Raymond Gonzalez DVM,29-04-2025,Books,448.81,2,TRUE,2025,4,1,354.81,-260.81,2025-04
Aaron Ortiz,06-02-2025,Electronics,366.35,10,FALSE,2025,2,3,215.35,-1787.15,2025-02
Ryan Wiley,29-05-2025,Groceries,396.58,6,TRUE,2025,5,3,329.58,-1580.9,2025-05
Matthew Sweeney,24-04-2025,Clothing,127.84,2,FALSE,2025,4,3,28.84,70.16,2025-04
Joseph Allen,18-03-2025,Electronics,106.7,5,TRUE,2025,3,1,78.7,-286.8,2025-03
Zachary Dawson,15-01-2025,Groceries,324.85,5,TRUE,2025,1,2,60.85,20.6,2025-01
Stephanie Meyer,20-04-2025,Groceries,60.81,7,FALSE,2025,4,6,41.81,-231.86,2025-04
William Miller,15-01-2025,Electronics,444.92,9,TRUE,2025,1,2,330.92,-2533.36,2025-01
Robert Jones,30-03-2025,Clothing,70.33,6,FALSE,2025,3,6,27.33,-93.65,2025-03
Victor Young,10-02-2025,Clothing,343.06,9,FALSE,2025,2,0,12.06,234.52,2025-02
Robert Haynes,25-04-2025,Electronics,295.74,1,TRUE,2025,4,4,274.74,21,2025-04
Dillon Jones,01-02-2025,Clothing,24.71,4,TRUE,2025,2,5,21.71,-62.13,2025-02
Lauren Moore,26-01-2025,Groceries,146.81,9,FALSE,2025,1,6,30.81,-130.48,2025-01
Jason Herrera,31-05-2025,Groceries,45.8,7,TRUE,2025,5,5,43.8,-260.8,2025-05
Eric Baker,19-01-2025,Clothing,158.4,2,TRUE,2025,1,6,27.4,103.6,2025-01
Michael Mckenzie,19-04-2025,Books,166.74,9,TRUE,2025,4,5,68.74,-451.92,2025-04
Russell Murphy,15-01-2025,Clothing,366.33,7,TRUE,2025,1,2,141.33,-622.98,2025-01
Henry Palmer,16-04-2025,Electronics,47.68,4,FALSE,2025,4,2,43.68,-127.04,2025-04
William Johnson,05-03-2025,Electronics,308.09,8,TRUE,2025,3,2,288.09,-1996.63,2025-03
Paul Wright,14-03-2025,Clothing,64.12,3,TRUE,2025,3,4,36.12,-44.24,2025-03
Brenda Smith,10-05-2025,Electronics,250.72,3,FALSE,2025,5,5,192.72,-327.44,2025-05
Mrs. Samantha Watson,09-04-2025,Clothing,189.08,3,FALSE,2025,4,2,163.08,-300.16,2025-04
Lauren Green,07-05-2025,Electronics,170.83,1,FALSE,2025,5,2,155.83,15,2025-05
Austin Orr,11-03-2025,Clothing,36.62,9,TRUE,2025,3,1,34.62,-274.96,2025-03
Taylor Calderon,21-02-2025,Groceries,257.84,8,TRUE,2025,2,4,34.84,-20.88,2025-02
Joel Jackson,31-03-2025,Groceries,87.61,10,TRUE,2025,3,0,11.61,-28.49,2025-03
Jennifer Johnson,17-04-2025,Clothing,447.66,2,TRUE,2025,4,3,107.66,232.34,2025-04
Daniel Lopez,13-02-2025,Books,6.27,9,TRUE,2025,2,3,3.27,-23.16,2025-02
Amanda Harvey,08-02-2025,Books,238.52,1,FALSE,2025,2,5,123.52,115,2025-02
Jason Pierce,10-01-2025,Books,465.92,3,TRUE,2025,1,4,159.92,-13.84,2025-01
Chad Gonzalez,19-05-2025,Groceries,164.29,4,FALSE,2025,5,0,67.29,-104.87,2025-05
Lydia Pham,05-05-2025,Clothing,413.87,5,FALSE,2025,5,0,68.87,69.52,2025-05
Rachael Howard DDS,17-03-2025,Electronics,338.3,9,TRUE,2025,3,0,161.3,-1113.4,2025-03
Kathryn Price,29-01-2025,Books,403.15,4,TRUE,2025,1,2,145.15,-177.45,2025-01
Daniel Huang,02-05-2025,Groceries,439.11,2,FALSE,2025,5,4,126.11,186.89,2025-05
William Moreno,30-04-2025,Clothing,47.76,6,FALSE,2025,4,2,43.76,-214.8,2025-04
Dr. Ariel Sandoval MD,08-05-2025,Electronics,104.33,6,FALSE,2025,5,3,36.33,-113.65,2025-05
Amy Davies,04-02-2025,Books,187.3,8,FALSE,2025,2,1,100.3,-615.1,2025-02
Rebecca Kelly,12-05-2025,Books,381.44,9,TRUE,2025,5,0,81.44,-351.52,2025-05
Casey Watkins,06-05-2025,Books,466.54,1,TRUE,2025,5,1,389.54,77,2025-05
Suzanne Johnson,20-04-2025,Books,176.48,9,TRUE,2025,4,6,88.48,-619.84,2025-04
Kristy Hart,30-01-2025,Clothing,380.67,1,FALSE,2025,1,3,283.67,97,2025-01
Sierra Vasquez MD,18-03-2025,Clothing,106.57,2,TRUE,2025,3,1,63.57,-20.57,2025-03
David Robinson,24-03-2025,Groceries,480.79,8,TRUE,2025,3,0,354.79,-2357.53,2025-03
Thomas Harris,21-01-2025,Clothing,26.73,2,TRUE,2025,1,1,22.73,-18.73,2025-01
Tamara Richard,20-02-2025,Groceries,231.94,6,TRUE,2025,2,3,126.94,-529.7,2025-02
Kevin Stark,01-05-2025,Electronics,71.09,9,FALSE,2025,5,3,43.09,-316.72,2025-05
Shannon Yu,28-02-2025,Electronics,286.07,10,FALSE,2025,2,4,252.07,-2234.63,2025-02
Jennifer Garcia,17-02-2025,Books,149.38,4,FALSE,2025,2,0,102.38,-260.14,2025-02
Christopher Fry,04-05-2025,Groceries,162.44,6,FALSE,2025,5,6,62.44,-212.2,2025-05
Marie Thompson,01-06-2025,Books,472.06,2,TRUE,2025,6,6,317.06,-162.06,2025-06
Tanya Buchanan,04-02-2025,Electronics,57.3,3,FALSE,2025,2,1,18.3,2.4,2025-02
Casey Parker,18-04-2025,Groceries,206.22,6,FALSE,2025,4,4,154.22,-719.1,2025-04
Nicholas Rush,29-05-2025,Books,157.61,8,FALSE,2025,5,3,106.61,-695.27,2025-05
Zachary Sanford,06-01-2025,Electronics,83.02,2,FALSE,2025,1,0,37.02,8.98,2025-01
Tammy Ponce,04-02-2025,Electronics,418.78,4,FALSE,2025,2,1,315.78,-844.34,2025-02
Taylor Taylor,27-04-2025,Books,357.02,2,FALSE,2025,4,6,258.02,-159.02,2025-04
William Jackson,19-05-2025,Groceries,29.23,9,FALSE,2025,5,0,27.23,-215.84,2025-05
Michael Fowler,19-05-2025,Clothing,20.39,3,FALSE,2025,5,0,18.39,-34.78,2025-05
Derek Wright,11-01-2025,Groceries,375.3,9,TRUE,2025,1,5,244.3,-1823.4,2025-01
Brian Smith,02-03-2025,Electronics,55.44,8,TRUE,2025,3,6,38.44,-252.08,2025-03
Tracy Wilkerson,18-03-2025,Electronics,35.53,1,TRUE,2025,3,1,34.53,1,2025-03
Joshua Garcia,16-03-2025,Books,412.72,4,FALSE,2025,3,6,240.72,-550.16,2025-03
Marilyn Mcdaniel,26-01-2025,Electronics,295.13,10,TRUE,2025,1,6,221.13,-1916.17,2025-01
Ryan Phillips,19-02-2025,Electronics,102.89,2,FALSE,2025,2,2,36.89,29.11,2025-02
Angela Jackson,28-02-2025,Books,453.01,2,FALSE,2025,2,4,310.01,-167.01,2025-02
Kimberly Villanueva,15-01-2025,Electronics,471.43,1,TRUE,2025,1,2,272.43,199,2025-01
Lisa Webb,05-01-2025,Books,219.41,10,FALSE,2025,1,6,162.41,-1404.69,2025-01
Carmen Preston,25-01-2025,Groceries,194.45,1,FALSE,2025,1,5,132.45,62,2025-01
Daniel Lee,19-04-2025,Books,111.28,6,TRUE,2025,4,5,30.28,-70.4,2025-04
Monica Baker,13-02-2025,Clothing,225.78,5,TRUE,2025,2,3,34.78,51.88,2025-02
Anthony Armstrong,12-05-2025,Electronics,311.49,10,TRUE,2025,5,0,284.49,-2533.41,2025-05
Isaac Patterson,15-02-2025,Clothing,208.94,8,FALSE,2025,2,5,28.94,-22.58,2025-02
Lindsay Gonzalez,05-01-2025,Electronics,143.49,2,TRUE,2025,1,6,93.49,-43.49,2025-01
Edgar Miller,12-05-2025,Groceries,323.11,4,TRUE,2025,5,0,137.11,-225.33,2025-05
James Burns,14-04-2025,Electronics,392.05,7,FALSE,2025,4,0,307.05,-1757.3,2025-04
Joshua Lopez,19-05-2025,Groceries,391.81,9,FALSE,2025,5,0,191.81,-1334.48,2025-05
Jeremy Baker,14-03-2025,Clothing,138.87,7,TRUE,2025,3,4,71.87,-364.22,2025-03
Derrick Brown,28-04-2025,Clothing,113.41,10,FALSE,2025,4,0,34.41,-230.69,2025-04
Angelica Cooper,26-03-2025,Electronics,267.07,8,TRUE,2025,3,2,216.07,-1461.49,2025-03
Leah Spencer,12-05-2025,Books,127.69,2,TRUE,2025,5,0,49.69,28.31,2025-05
Jennifer Nichols,16-05-2025,Clothing,409.06,9,TRUE,2025,5,4,245.06,-1796.48,2025-05
Stephen Alvarez,13-01-2025,Books,424.02,10,FALSE,2025,1,0,352.02,-3096.18,2025-01
Michelle Shaw,21-05-2025,Clothing,92.17,3,FALSE,2025,5,2,79.17,-145.34,2025-05
Megan Oliver,19-01-2025,Clothing,18.96,10,FALSE,2025,1,6,14.96,-130.64,2025-01
Carrie Joyce,01-06-2025,Books,474.44,10,FALSE,2025,6,6,209.44,-1619.96,2025-06
Beth Henderson,04-06-2025,Clothing,247.77,3,TRUE,2025,6,2,41.77,122.46,2025-06
Zachary Burton,11-05-2025,Electronics,302.82,4,TRUE,2025,5,6,218.82,-572.46,2025-05
Thomas Sloan,11-01-2025,Groceries,169.21,1,TRUE,2025,1,5,42.21,127,2025-01
James Nguyen,13-02-2025,Books,359.88,6,FALSE,2025,2,3,186.88,-761.4,2025-02
Shane Buchanan,08-04-2025,Electronics,78.12,1,TRUE,2025,4,1,59.12,19,2025-04
Jennifer Perry,24-01-2025,Electronics,431.03,9,TRUE,2025,1,4,419.03,-3340.24,2025-01
Olivia Ayers,25-05-2025,Clothing,295.08,7,FALSE,2025,5,6,26.08,112.52,2025-05
Ashlee Mitchell,25-03-2025,Clothing,72.54,6,TRUE,2025,3,1,41.54,-176.7,2025-03
Jason Reyes,17-03-2025,Groceries,326.34,8,TRUE,2025,3,0,165.34,-996.38,2025-03
Amanda Hill,23-01-2025,Clothing,334.44,4,TRUE,2025,1,3,82.44,4.68,2025-01
Melissa Williams,19-05-2025,Groceries,368.33,5,FALSE,2025,5,0,210.33,-683.32,2025-05
David Reese,24-05-2025,Books,365.77,3,FALSE,2025,5,5,62.77,177.46,2025-05
Alicia Roth,17-02-2025,Electronics,303.18,3,TRUE,2025,2,0,218.18,-351.36,2025-02
John Horton,16-01-2025,Electronics,74.62,8,TRUE,2025,1,3,13.62,-34.34,2025-01
Brandy Mccann,11-03-2025,Books,491.28,6,TRUE,2025,3,1,192.28,-662.4,2025-03
Debra Butler,11-04-2025,Electronics,226.08,6,FALSE,2025,4,4,30.08,45.6,2025-04
Daniel Holloway,26-04-2025,Books,348.12,4,FALSE,2025,4,5,112.12,-100.36,2025-04
Sharon Nicholson,22-03-2025,Clothing,361.6,2,TRUE,2025,3,5,178.6,4.4,2025-03
Eric Hunter,22-01-2025,Groceries,367.63,8,TRUE,2025,1,2,300.63,-2037.41,2025-01
Sherry Johnson,31-01-2025,Groceries,441.48,8,FALSE,2025,1,4,57.48,-18.36,2025-01
Sara Wright,13-03-2025,Groceries,415.26,2,TRUE,2025,3,3,160.26,94.74,2025-03
Michele Hill,09-05-2025,Books,41.49,8,TRUE,2025,5,4,40.49,-282.43,2025-05
Madison Martinez,05-01-2025,Clothing,162.76,1,TRUE,2025,1,6,117.76,45,2025-01
Kirk Thompson,16-05-2025,Electronics,89.2,6,FALSE,2025,5,4,65.2,-302,2025-05
Hannah Martin,20-05-2025,Books,275.79,2,TRUE,2025,5,1,108.79,58.21,2025-05
Melissa Mitchell,02-03-2025,Clothing,492.71,10,FALSE,2025,3,6,470.71,-4214.39,2025-03
Kenneth Hanna,14-05-2025,Electronics,471.51,7,TRUE,2025,5,2,256.51,-1324.06,2025-05
Megan Adams,05-03-2025,Groceries,31.51,3,FALSE,2025,3,2,29.51,-57.02,2025-03
Richard Saunders,02-01-2025,Books,207.59,4,FALSE,2025,1,3,83.59,-126.77,2025-01
Maria Burke,02-01-2025,Clothing,122.59,5,TRUE,2025,1,3,67.59,-215.36,2025-01
Robert Torres,31-05-2025,Groceries,277.08,10,FALSE,2025,5,5,220.08,-1923.72,2025-05
Jessica Bennett,24-02-2025,Books,183.61,1,FALSE,2025,2,0,90.61,93,2025-02
John Byrd,09-05-2025,Electronics,412.83,5,FALSE,2025,5,4,374.83,-1461.32,2025-05
Brian Hunt,14-04-2025,Books,17.74,2,TRUE,2025,4,0,15.74,-13.74,2025-04
Jacqueline Holland,06-04-2025,Clothing,239.42,2,TRUE,2025,4,6,80.42,78.58,2025-04
Brian Brown,04-06-2025,Clothing,238.12,7,FALSE,2025,6,2,94.12,-420.72,2025-06
Shannon Green,22-04-2025,Electronics,196.83,9,FALSE,2025,4,1,130.83,-980.64,2025-04
Elizabeth Hernandez,30-04-2025,Groceries,97.36,6,TRUE,2025,4,2,52.36,-216.8,2025-04
Renee Lang,04-04-2025,Clothing,235.2,8,TRUE,2025,4,4,175.2,-1166.4,2025-04
Melanie Griffith,13-04-2025,Clothing,35.51,10,TRUE,2025,4,6,34.51,-309.59,2025-04
Deanna Barnes MD,06-01-2025,Electronics,405.05,6,FALSE,2025,1,0,353.05,-1713.25,2025-01
Laura Lee,24-04-2025,Books,35.19,9,FALSE,2025,4,3,31.19,-245.52,2025-04
Joseph Glover,22-05-2025,Groceries,345.1,9,FALSE,2025,5,3,291.1,-2274.8,2025-05
Katie Bruce,12-05-2025,Books,152.93,8,FALSE,2025,5,0,11.93,57.49,2025-05
Catherine Davis,20-01-2025,Electronics,287.75,9,TRUE,2025,1,0,76.75,-403,2025-01
Robert Hines,29-01-2025,Electronics,90.58,8,TRUE,2025,1,2,56.58,-362.06,2025-01
Gabriela Davis,25-02-2025,Books,67.46,4,FALSE,2025,2,1,26.46,-38.38,2025-02
Elizabeth French,21-02-2025,Electronics,104.95,7,TRUE,2025,2,4,54.95,-279.7,2025-02
Edward York,15-03-2025,Clothing,455.85,6,TRUE,2025,3,5,137.85,-371.25,2025-03
Lauren Blackburn,12-01-2025,Electronics,280.4,7,FALSE,2025,1,6,242.4,-1416.4,2025-01
Kathryn Dillon,01-03-2025,Clothing,231.79,9,TRUE,2025,3,5,51.79,-234.32,2025-03
Anthony Dickerson,22-01-2025,Groceries,210.15,2,TRUE,2025,1,2,108.15,-6.15,2025-01
Jason Hudson,22-05-2025,Electronics,283.53,2,TRUE,2025,5,3,70.53,142.47,2025-05
Eugene Baldwin,02-05-2025,Clothing,440.67,9,FALSE,2025,5,4,355.67,-2760.36,2025-05
Mr. Christopher Walters,01-01-2025,Clothing,329.12,7,FALSE,2025,1,2,101.12,-378.72,2025-01
Philip Jackson,30-04-2025,Electronics,141.33,3,TRUE,2025,4,2,84.33,-111.66,2025-04
Phillip Miller DDS,09-04-2025,Groceries,200.92,1,FALSE,2025,4,2,92.92,108,2025-04
Vincent Reyes,06-01-2025,Books,374.15,1,FALSE,2025,1,0,174.15,200,2025-01
Jake Smith,20-02-2025,Clothing,172.24,1,FALSE,2025,2,3,159.24,13,2025-02
Cheryl Rhodes,08-04-2025,Clothing,422.21,5,TRUE,2025,4,1,267.21,-913.84,2025-04
Michael Cooper,21-01-2025,Books,153.74,3,FALSE,2025,1,1,55.74,-13.48,2025-01
Kevin Jackson,09-05-2025,Clothing,365.76,5,TRUE,2025,5,4,176.76,-518.04,2025-05
Earl Luna,04-04-2025,Books,109.64,8,FALSE,2025,4,4,60.64,-375.48,2025-04
Stephen Cowan,23-02-2025,Groceries,434.26,9,TRUE,2025,2,6,196.26,-1332.08,2025-02
Heather Lopez,29-05-2025,Books,159.01,2,FALSE,2025,5,3,127.01,-95.01,2025-05
Jennifer Perez,24-04-2025,Books,440.27,9,TRUE,2025,4,3,320.27,-2442.16,2025-04
Nicholas Lawrence,27-01-2025,Books,438.21,4,TRUE,2025,1,0,56.21,213.37,2025-01
Matthew Johnson,17-05-2025,Electronics,21.37,4,TRUE,2025,5,5,17.37,-48.11,2025-05
Joseph Williams,05-06-2025,Clothing,140.62,4,FALSE,2025,6,3,36.62,-5.86,2025-06
Martha Smith,18-04-2025,Groceries,342.18,2,TRUE,2025,4,4,120.18,101.82,2025-04
James Kelley,16-03-2025,Clothing,299.05,8,TRUE,2025,3,6,63.05,-205.35,2025-03
Michael Mccoy,17-02-2025,Groceries,277.91,10,FALSE,2025,2,0,120.91,-931.19,2025-02
Mary Nelson,05-04-2025,Books,375.74,5,TRUE,2025,4,5,282.74,-1037.96,2025-04
Ronald Garcia,23-04-2025,Clothing,196.35,1,TRUE,2025,4,2,78.35,118,2025-04
Brian Rodriguez,01-02-2025,Books,325.45,4,TRUE,2025,2,5,103.45,-88.35,2025-02
Dennis Mills,01-02-2025,Clothing,259.07,7,TRUE,2025,2,5,214.07,-1239.42,2025-02
Elizabeth Williams,19-03-2025,Groceries,325.45,3,TRUE,2025,3,2,15.45,279.1,2025-03
Timothy Rivera,01-01-2025,Books,306.13,5,FALSE,2025,1,2,252.13,-954.52,2025-01
Susan Conley,15-04-2025,Clothing,448.26,7,FALSE,2025,4,1,365.26,-2108.56,2025-04
Brandon Hunt,23-04-2025,Groceries,113.01,5,FALSE,2025,4,2,77.01,-272.04,2025-04
David Hall,04-06-2025,Groceries,55.64,10,FALSE,2025,6,2,26.64,-210.76,2025-06
John Garcia,28-01-2025,Clothing,343.78,5,FALSE,2025,1,1,90.78,-110.12,2025-01
Dylan Solis,18-02-2025,Electronics,494.24,6,FALSE,2025,2,1,40.24,252.8,2025-02
Anna Chang,08-01-2025,Clothing,329.78,5,FALSE,2025,1,2,51.78,70.88,2025-01
Mary Jackson,25-02-2025,Books,261.06,3,TRUE,2025,2,1,166.06,-237.12,2025-02
Marco Johns,15-01-2025,Electronics,205.03,10,FALSE,2025,1,2,179.03,-1585.27,2025-01
Catherine Morales,31-05-2025,Books,329.42,1,FALSE,2025,5,5,17.42,312,2025-05
James Jefferson,05-05-2025,Clothing,205.28,7,TRUE,2025,5,0,99.28,-489.68,2025-05
Rebecca Wilson,19-04-2025,Books,364.64,6,TRUE,2025,4,5,309.64,-1493.2,2025-04
Tommy Moore,06-03-2025,Groceries,256.12,6,TRUE,2025,3,3,245.12,-1214.6,2025-03
Rebekah Gregory,29-01-2025,Books,53.31,5,TRUE,2025,1,2,17.31,-33.24,2025-01
Ian Johnson,17-04-2025,Clothing,382.64,9,TRUE,2025,4,3,45.64,-28.12,2025-04
Valerie Anderson,24-05-2025,Clothing,115.02,2,TRUE,2025,5,5,71.02,-27.02,2025-05
Jason Williams,10-02-2025,Clothing,395.1,7,FALSE,2025,2,0,173.1,-816.6,2025-02
Michael Gregory,30-04-2025,Clothing,294.86,5,FALSE,2025,4,2,195.86,-684.44,2025-04
Krystal Levine,15-04-2025,Electronics,31.57,8,TRUE,2025,4,1,27.57,-188.99,2025-04
Joseph Haynes,15-01-2025,Groceries,252.74,4,FALSE,2025,1,2,61.74,5.78,2025-01
Danielle Reed,16-04-2025,Clothing,31.76,7,TRUE,2025,4,2,29.76,-176.56,2025-04
Ryan Grant,04-06-2025,Books,174.62,4,FALSE,2025,6,2,113.62,-279.86,2025-06
Mason Moore,13-05-2025,Books,431.89,6,TRUE,2025,5,1,326.89,-1529.45,2025-05
Sheila Jones,18-03-2025,Electronics,169.65,8,TRUE,2025,3,1,62.65,-331.55,2025-03
Wayne Williams,04-02-2025,Clothing,7.33,1,FALSE,2025,2,1,4.33,3,2025-02
Jennifer Young,13-03-2025,Books,290.26,3,TRUE,2025,3,3,29.26,202.48,2025-03
Joan Gates,11-03-2025,Groceries,69.06,2,FALSE,2025,3,1,57.06,-45.06,2025-03
Jonathan Valdez,17-01-2025,Groceries,217.37,7,FALSE,2025,1,4,130.37,-695.22,2025-01
Justin Smith,15-01-2025,Groceries,23.67,1,TRUE,2025,1,2,20.67,3,2025-01
Lisa Torres,21-03-2025,Clothing,446.54,1,TRUE,2025,3,4,184.54,262,2025-03
Michael Clements,26-02-2025,Electronics,315.21,1,TRUE,2025,2,2,19.21,296,2025-02
Daniel Gibson,29-03-2025,Books,159.49,6,TRUE,2025,3,5,31.49,-29.45,2025-03
Kara Sandoval,22-04-2025,Groceries,296.39,9,TRUE,2025,4,1,172.39,-1255.12,2025-04
Peter Walker,23-02-2025,Electronics,152.61,1,FALSE,2025,2,6,136.61,16,2025-02
Tracey Carter,23-03-2025,Groceries,300.2,9,FALSE,2025,3,6,289.2,-2302.6,2025-03
Amber Martin,22-01-2025,Groceries,174.65,3,FALSE,2025,1,2,125.65,-202.3,2025-01
Mikayla Rodriguez,06-04-2025,Clothing,86.62,4,FALSE,2025,4,6,43.62,-87.86,2025-04
Timothy Long,13-03-2025,Electronics,116.04,4,TRUE,2025,3,3,68.04,-156.12,2025-03
Michelle Rodriguez,06-03-2025,Books,296.9,1,TRUE,2025,3,3,45.9,251,2025-03
Sara Chapman,01-05-2025,Electronics,357,6,TRUE,2025,5,3,284,-1347,2025-05
Matthew Blanchard,22-01-2025,Groceries,386.77,5,TRUE,2025,1,2,42.77,172.92,2025-01
Mr. Anthony Mcconnell PhD,17-03-2025,Electronics,328.52,2,TRUE,2025,3,0,171.52,-14.52,2025-03
Tammy Thompson,01-04-2025,Electronics,211.3,2,FALSE,2025,4,1,95.3,20.7,2025-04
Betty Hughes,04-04-2025,Electronics,130.11,9,TRUE,2025,4,4,98.11,-752.88,2025-04
Kathy Cruz,02-06-2025,Books,154.05,1,TRUE,2025,6,0,19.05,135,2025-06
Pamela Hill,31-05-2025,Clothing,304.79,10,TRUE,2025,5,5,169.79,-1393.11,2025-05
Jodi Anderson,06-03-2025,Groceries,258.23,2,TRUE,2025,3,3,241.23,-224.23,2025-03
Nicole Evans,20-04-2025,Clothing,393.46,2,FALSE,2025,4,6,322.46,-251.46,2025-04
Michelle Walls,09-04-2025,Books,103.88,10,FALSE,2025,4,2,58.88,-484.92,2025-04
Marcus Roberts,23-02-2025,Books,353.2,6,FALSE,2025,2,6,91.2,-194,2025-02
Vicki Santos,30-05-2025,Books,276.33,1,TRUE,2025,5,4,232.33,44,2025-05
Melissa Morris,19-01-2025,Groceries,121.08,6,TRUE,2025,1,6,35.08,-89.4,2025-01
John Duncan,15-04-2025,Electronics,418.44,2,FALSE,2025,4,1,27.44,363.56,2025-04
Paul Skinner,14-02-2025,Books,390.87,2,TRUE,2025,2,4,195.87,-0.87,2025-02
Rhonda Mills,04-01-2025,Electronics,323.95,5,FALSE,2025,1,5,16.95,239.2,2025-01
Michael Gonzalez,28-04-2025,Clothing,234.82,5,TRUE,2025,4,0,101.82,-274.28,2025-04
Dustin King,12-05-2025,Books,426.86,1,FALSE,2025,5,0,127.86,299,2025-05
Elizabeth Molina,06-01-2025,Clothing,370.58,7,TRUE,2025,1,0,137.58,-592.48,2025-01
Ashley Parrish,26-04-2025,Electronics,426.74,1,TRUE,2025,4,5,284.74,142,2025-04
Natalie Hoffman,07-02-2025,Clothing,447.79,6,FALSE,2025,2,4,116.79,-252.95,2025-02
Rebecca Roberts,14-04-2025,Electronics,408.41,6,TRUE,2025,4,0,47.41,123.95,2025-04
Jasmine Frye,02-06-2025,Electronics,203.12,7,FALSE,2025,6,0,72.12,-301.72,2025-06
Juan Smith,09-02-2025,Clothing,346.5,7,FALSE,2025,2,6,275.5,-1582,2025-02
Priscilla Berg,10-05-2025,Groceries,60.96,3,TRUE,2025,5,5,27.96,-22.92,2025-05
Michele Holland,28-04-2025,Books,210.93,2,FALSE,2025,4,0,69.93,71.07,2025-04
Lindsey Parsons,31-05-2025,Groceries,307.6,3,FALSE,2025,5,5,289.6,-561.2,2025-05
Christopher Fleming,30-01-2025,Electronics,244.12,3,FALSE,2025,1,3,18.12,189.76,2025-01
Jose Bennett,08-03-2025,Electronics,223.14,7,TRUE,2025,3,5,147.14,-806.84,2025-03
Beverly Silva,09-02-2025,Clothing,11.12,6,TRUE,2025,2,6,9.12,-43.6,2025-02
Michael Moore,24-01-2025,Clothing,263.94,9,TRUE,2025,1,4,105.94,-689.52,2025-01
Anthony Randolph,07-04-2025,Groceries,243.56,4,FALSE,2025,4,0,219.56,-634.68,2025-04
Katherine Armstrong,25-02-2025,Books,446.57,9,TRUE,2025,2,1,362.57,-2816.56,2025-02
Emily Robinson,29-01-2025,Electronics,255.26,3,FALSE,2025,1,2,164.26,-237.52,2025-01
Jonathan Perry,25-03-2025,Groceries,42.06,3,FALSE,2025,3,1,38.06,-72.12,2025-03
Daniel Lewis,21-02-2025,Clothing,168.79,4,FALSE,2025,2,4,124.79,-330.37,2025-02
Daniel Goodwin,24-03-2025,Electronics,115.24,9,FALSE,2025,3,0,60.24,-426.92,2025-03
Samantha Zavala MD,15-04-2025,Groceries,44.02,4,FALSE,2025,4,1,42.02,-124.06,2025-04
Tanner Austin,07-04-2025,Groceries,429.01,2,FALSE,2025,4,0,392.01,-355.01,2025-04
Melanie Flores,24-05-2025,Clothing,490.43,2,TRUE,2025,5,5,341.43,-192.43,2025-05
Janice Fernandez,14-02-2025,Electronics,209.11,7,TRUE,2025,2,4,107.11,-540.66,2025-02
Samantha Brooks,06-05-2025,Electronics,481.77,10,FALSE,2025,5,1,257.77,-2095.93,2025-05
Andrew Villanueva,31-01-2025,Books,475.43,8,FALSE,2025,1,4,140.43,-648.01,2025-01
Tiffany Jackson,30-05-2025,Electronics,422.94,4,FALSE,2025,5,4,230.94,-500.82,2025-05
Adrienne Jones,15-04-2025,Groceries,359.38,6,TRUE,2025,4,1,325.38,-1592.9,2025-04
Sharon Coleman,17-01-2025,Electronics,6.09,4,FALSE,2025,1,4,3.09,-6.27,2025-01
Michele Cherry,02-05-2025,Clothing,263.38,9,TRUE,2025,5,4,179.38,-1351.04,2025-05
Teresa Burgess,25-01-2025,Electronics,248.75,3,FALSE,2025,1,5,103.75,-62.5,2025-01
Gary Miller,09-01-2025,Electronics,307.37,5,TRUE,2025,1,3,258.37,-984.48,2025-01
Kristin Andrews,05-02-2025,Electronics,111.72,7,TRUE,2025,2,2,36.72,-145.32,2025-02
James Mccoy,09-03-2025,Clothing,379.79,2,TRUE,2025,3,6,270.79,-161.79,2025-03
Michael Nichols,11-04-2025,Electronics,231.41,8,TRUE,2025,4,4,25.41,28.13,2025-04
Nicole Richards,20-04-2025,Groceries,267.53,1,TRUE,2025,4,6,97.53,170,2025-04
Timothy Rodriguez,03-05-2025,Groceries,244.05,10,TRUE,2025,5,5,188.05,-1636.45,2025-05
Brandon Hubbard,10-03-2025,Books,56.26,3,FALSE,2025,3,0,40.26,-64.52,2025-03
Matthew Wells,25-03-2025,Groceries,489.85,7,TRUE,2025,3,1,173.85,-727.1,2025-03
James Salinas,27-03-2025,Clothing,481.98,7,FALSE,2025,3,3,86.98,-126.88,2025-03
Brianna Byrd,23-05-2025,Groceries,73.4,3,FALSE,2025,5,4,53.4,-86.8,2025-05
Monica Brooks,29-05-2025,Clothing,318.13,9,TRUE,2025,5,3,30.13,46.96,2025-05
Kristen Martinez,01-01-2025,Books,358.62,10,FALSE,2025,1,2,183.62,-1477.58,2025-01
Kimberly Arroyo,17-02-2025,Books,254.43,3,FALSE,2025,2,0,21.43,190.14,2025-02
Stephanie Cooper,06-03-2025,Electronics,283.33,6,FALSE,2025,3,3,112.33,-390.65,2025-03
Kayla Martin,04-02-2025,Clothing,405.11,7,TRUE,2025,2,1,45.11,89.34,2025-02
Cheyenne White,05-05-2025,Electronics,76.94,7,TRUE,2025,5,0,15.94,-34.64,2025-05
Sarah Randolph,05-06-2025,Books,376.34,5,TRUE,2025,6,3,212.34,-685.36,2025-06
Joshua Roberts,11-01-2025,Clothing,77.48,5,TRUE,2025,1,5,50.48,-174.92,2025-01
Nicholas Freeman,21-02-2025,Clothing,378.03,4,TRUE,2025,2,4,18.03,305.91,2025-02
Matthew Garcia,07-04-2025,Clothing,55.73,8,TRUE,2025,4,0,22.73,-126.11,2025-04
Emily Hayes,07-04-2025,Groceries,257.91,4,FALSE,2025,4,0,223.91,-637.73,2025-04
Kevin Cunningham,26-02-2025,Electronics,196.84,7,FALSE,2025,2,2,50.84,-159.04,2025-02
Jeffrey Smith,08-02-2025,Electronics,373.12,1,TRUE,2025,2,5,67.12,306,2025-02
Patrick Graham,12-05-2025,Groceries,456.19,4,FALSE,2025,5,0,266.19,-608.57,2025-05
Nicholas Humphrey,14-03-2025,Books,150.62,4,TRUE,2025,3,4,104.62,-267.86,2025-03
Eric Arnold,28-01-2025,Electronics,481.43,3,TRUE,2025,1,1,465.43,-914.86,2025-01
Sarah Trevino,22-01-2025,Groceries,217.11,1,FALSE,2025,1,2,172.11,45,2025-01
Deborah Mercado,12-01-2025,Books,294.07,3,FALSE,2025,1,6,19.07,236.86,2025-01
Albert Hunter,05-01-2025,Electronics,235.83,6,TRUE,2025,1,6,153.83,-687.15,2025-01
Jennifer Lawrence,22-05-2025,Electronics,464.67,3,TRUE,2025,5,3,264.67,-329.34,2025-05
Kimberly Lutz,15-03-2025,Clothing,396,8,FALSE,2025,3,5,138,-708,2025-03
Holly Walker,01-05-2025,Electronics,265.07,6,TRUE,2025,5,3,150.07,-635.35,2025-05
Donna Marshall,21-03-2025,Electronics,83.89,9,FALSE,2025,3,4,30.89,-194.12,2025-03
Jonathan Bates,13-05-2025,Electronics,114.49,6,TRUE,2025,5,1,84.49,-392.45,2025-05
Lisa Martin,22-03-2025,Clothing,183.59,6,TRUE,2025,3,5,147.59,-701.95,2025-03
Christopher Fry,13-04-2025,Groceries,412.73,9,TRUE,2025,4,6,291.73,-2212.84,2025-04
Nancy Webb,26-02-2025,Electronics,225.61,6,TRUE,2025,2,2,176.61,-834.05,2025-02
John Brown,27-02-2025,Electronics,193.78,6,TRUE,2025,2,3,55.78,-140.9,2025-02
Daniel Velez,26-02-2025,Groceries,272.42,5,FALSE,2025,2,2,206.42,-759.68,2025-02
Jesse Williams,03-06-2025,Electronics,411.94,9,FALSE,2025,6,1,305.94,-2341.52,2025-06
Michael Boyd,10-05-2025,Groceries,26.71,8,TRUE,2025,5,5,25.71,-178.97,2025-05
Deborah Stephens,28-01-2025,Clothing,45.76,9,TRUE,2025,1,1,41.76,-330.08,2025-01
Holly Valdez,11-05-2025,Books,268.94,9,TRUE,2025,5,6,141.94,-1008.52,2025-05
Jamie Solomon,22-03-2025,Books,433.15,4,FALSE,2025,3,5,384.15,-1103.45,2025-03
Sean Tucker,17-03-2025,Electronics,271.19,4,FALSE,2025,3,0,232.19,-657.57,2025-03
Kathryn Taylor,26-01-2025,Electronics,16.76,3,FALSE,2025,1,6,14.76,-27.52,2025-01
Mason Lewis,30-01-2025,Electronics,41.26,2,TRUE,2025,1,3,40.26,-39.26,2025-01
Mitchell Wilson,05-02-2025,Clothing,39.87,9,TRUE,2025,2,2,35.87,-282.96,2025-02
Michelle Olson,16-03-2025,Clothing,197.08,7,FALSE,2025,3,6,98.08,-489.48,2025-03
Christopher Whitaker,04-01-2025,Groceries,13.36,6,TRUE,2025,1,5,10.36,-48.8,2025-01
Kenneth Martin,09-04-2025,Electronics,36.3,10,TRUE,2025,4,2,33.3,-296.7,2025-04
Kenneth Brown,10-02-2025,Electronics,464.38,6,TRUE,2025,2,0,383.38,-1835.9,2025-02
Tyler Greene,30-03-2025,Clothing,305.25,5,FALSE,2025,3,6,69.25,-41,2025-03
Nathan Stanley,14-02-2025,Groceries,200.58,7,TRUE,2025,2,4,38.58,-69.48,2025-02
Jerry Haney,16-05-2025,Groceries,269.07,3,TRUE,2025,5,4,126.07,-109.14,2025-05
Ronald Burke,05-05-2025,Groceries,151.01,9,TRUE,2025,5,0,54.01,-335.08,2025-05
Catherine Keller,11-02-2025,Clothing,478.91,6,TRUE,2025,2,1,380.91,-1806.55,2025-02
Grace Chavez,03-04-2025,Books,25.68,2,FALSE,2025,4,3,22.68,-19.68,2025-04
James Rodriguez,01-02-2025,Electronics,108.98,5,FALSE,2025,2,5,95.98,-370.92,2025-02
Kathy Barnes,24-01-2025,Books,453.29,7,TRUE,2025,1,4,62.29,17.26,2025-01
John Mendez,07-01-2025,Books,114.29,3,FALSE,2025,1,1,89.29,-153.58,2025-01
Kathy Wilson,17-03-2025,Books,94.77,2,TRUE,2025,3,0,56.77,-18.77,2025-03
Larry Carey,21-05-2025,Groceries,41.21,9,TRUE,2025,5,2,39.21,-311.68,2025-05
Marie Boyd,27-02-2025,Clothing,102.72,2,FALSE,2025,2,3,74.72,-46.72,2025-02
Joseph Perez,06-05-2025,Clothing,68.47,6,TRUE,2025,5,1,14.47,-18.35,2025-05
Jane Chapman,26-04-2025,Electronics,311.66,5,TRUE,2025,4,5,185.66,-616.64,2025-04
Melissa Davis,21-01-2025,Clothing,228.07,8,FALSE,2025,1,1,140.07,-892.49,2025-01
David Trevino,14-02-2025,Books,285.6,10,FALSE,2025,2,4,211.6,-1830.4,2025-02
Jennifer Lopez,21-04-2025,Groceries,7.39,3,TRUE,2025,4,0,5.39,-8.78,2025-04
Laura Wilson,02-01-2025,Books,141.96,7,FALSE,2025,1,3,115.96,-669.76,2025-01
Melissa Stewart,26-02-2025,Books,439.55,6,FALSE,2025,2,2,389.55,-1897.75,2025-02
